{"Fire_area":{"0":1.0,"1":0.985653009,"2":0.98056838,"3":0.979539224,"4":0.971477969,"5":0.936218772,"6":0.911968146,"7":0.986434429,"8":0.978481995,"9":0.96373167,"10":0.961735659,"11":0.947062248,"12":0.914638718,"13":0.899341735,"14":0.957781042,"15":0.958164294,"16":0.935109976,"17":0.942074115,"18":0.929730801,"19":0.904792,"20":0.887212105,"21":0.943555693,"22":0.94032174,"23":0.925530466,"24":0.924138778,"25":0.9093725,"26":0.888813727,"27":0.868246086,"28":0.903520826,"29":0.911377037,"30":0.890841095,"31":0.876840483,"32":0.880427611,"33":0.843153599,"34":0.83957985,"35":0.851043853,"36":0.83611099,"37":0.831742761,"38":0.826313606,"39":0.815716838,"40":0.793416038,"41":0.773493133,"42":0.827809453,"43":0.817869112,"44":0.810675002,"45":0.811555129,"46":0.800807638,"47":0.771789974,"48":0.819354701},"House_loss":{"0":1.0,"1":1.001723225,"2":0.996289786,"3":0.975015045,"4":0.955335741,"5":0.927959322,"6":0.883690735,"7":0.901750571,"8":0.894296633,"9":0.894998425,"10":0.883405613,"11":0.875310741,"12":0.838064443,"13":0.796169394,"14":0.837802397,"15":0.836753358,"16":0.81543764,"17":0.812905251,"18":0.798267904,"19":0.753799846,"20":0.727327376,"21":0.787003589,"22":0.788163083,"23":0.772862268,"24":0.76540615,"25":0.737629523,"26":0.714378827,"27":0.684199824,"28":0.671962564,"29":0.657830534,"30":0.653823981,"31":0.644862438,"32":0.633701563,"33":0.603640288,"34":0.570723873,"35":0.50484448,"36":0.49385222,"37":0.48514009,"38":0.489393763,"39":0.475056234,"40":0.451691845,"41":0.436106626,"42":0.448832556,"43":0.434571908,"44":0.425954399,"45":0.430201219,"46":0.409033256,"47":0.398039029,"48":0.532668734},"Life_loss":{"0":1.0,"1":0.966658261,"2":0.945313897,"3":0.949176208,"4":0.910012857,"5":0.844490801,"6":0.775508258,"7":0.850479985,"8":0.822909647,"9":0.821000337,"10":0.794143761,"11":0.776599775,"12":0.774523921,"13":0.700565535,"14":0.767192014,"15":0.743105511,"16":0.747023586,"17":0.728037087,"18":0.728931326,"19":0.711923164,"20":0.614430463,"21":0.702586796,"22":0.660553932,"23":0.667971756,"24":0.668749147,"25":0.613960204,"26":0.619368865,"27":0.569774141,"28":0.586517705,"29":0.576554016,"30":0.58077626,"31":0.575128158,"32":0.566394439,"33":0.551220094,"34":0.507650368,"35":0.459532242,"36":0.44833422,"37":0.459066389,"38":0.467847835,"39":0.446839335,"40":0.445700311,"41":0.426657099,"42":0.426694479,"43":0.426895309,"44":0.418952221,"45":0.428040734,"46":0.419932629,"47":0.398369038,"48":0.55898216},"Road_loss":{"0":1.0,"1":0.983022708,"2":0.982491456,"3":0.968819332,"4":0.95803654,"5":0.941687487,"6":0.918866589,"7":0.948416049,"8":0.93929302,"9":0.926990238,"10":0.925047149,"11":0.909814702,"12":0.890254691,"13":0.867676423,"14":0.923897815,"15":0.912147486,"16":0.91609871,"17":0.904048015,"18":0.885199592,"19":0.863573972,"20":0.850242332,"21":0.891856159,"22":0.878612559,"23":0.871541264,"24":0.865308498,"25":0.858602534,"26":0.822239343,"27":0.814999031,"28":0.822608118,"29":0.810305741,"30":0.817998111,"31":0.812333724,"32":0.789956782,"33":0.767875175,"34":0.747493234,"35":0.72852268,"36":0.720055402,"37":0.711333953,"38":0.715055673,"39":0.702395281,"40":0.683924875,"41":0.659414423,"42":0.688779757,"43":0.683482009,"44":0.683131578,"45":0.684278108,"46":0.668428967,"47":0.650205158,"48":0.72756408},"Power_loss":{"0":1.0,"1":0.986545927,"2":0.973110478,"3":0.945300467,"4":0.960459079,"5":0.900519508,"6":0.894700562,"7":0.948363263,"8":0.944498282,"9":0.938050713,"10":0.910349186,"11":0.907935116,"12":0.868739285,"13":0.863778038,"14":0.934724187,"15":0.912030088,"16":0.909601968,"17":0.891206998,"18":0.877849726,"19":0.829148141,"20":0.828376812,"21":0.891931149,"22":0.889353749,"23":0.879633322,"24":0.879093468,"25":0.873007819,"26":0.822713311,"27":0.807423166,"28":0.824332338,"29":0.805707112,"30":0.80884009,"31":0.789761452,"32":0.789317702,"33":0.736276805,"34":0.735747119,"35":0.709227308,"36":0.712967251,"37":0.700579517,"38":0.702706015,"39":0.685482381,"40":0.650382646,"41":0.647468661,"42":0.678935427,"43":0.683591718,"44":0.673029505,"45":0.670457167,"46":0.649674267,"47":0.620849061,"48":0.699905787},"TFI_burnt":{"0":1.0,"1":0.995575209,"2":0.997371184,"3":0.995500893,"4":0.998653201,"5":1.027561013,"6":1.038000558,"7":1.011336884,"8":1.026007505,"9":1.023453305,"10":1.03533275,"11":1.024844875,"12":1.053700546,"13":1.065648475,"14":1.053484512,"15":1.067680719,"16":1.071850369,"17":1.078778753,"18":1.079290947,"19":1.097639795,"20":1.11149012,"21":1.095766212,"22":1.1047933,"23":1.103701196,"24":1.115147795,"25":1.107619662,"26":1.133242381,"27":1.137277765,"28":1.085669563,"29":1.109206067,"30":1.092263141,"31":1.104430627,"32":1.10226526,"33":1.12573832,"34":1.133367917,"35":1.151507349,"36":1.169208065,"37":1.162340657,"38":1.175704928,"39":1.17214814,"40":1.183547009,"41":1.184265012,"42":1.196130451,"43":1.204159532,"44":1.199152505,"45":1.209710018,"46":1.204267598,"47":1.218423912,"48":1.162055671},"Edge_Treatment":{"0":"e0","1":"e0","2":"e0","3":"e0","4":"e0","5":"e0","6":"e0","7":"e1","8":"e1","9":"e1","10":"e1","11":"e1","12":"e1","13":"e1","14":"e2","15":"e2","16":"e2","17":"e2","18":"e2","19":"e2","20":"e2","21":"e3","22":"e3","23":"e3","24":"e3","25":"e3","26":"e3","27":"e3","28":"e5","29":"e5","30":"e5","31":"e5","32":"e5","33":"e5","34":"e5","35":"e10","36":"e10","37":"e10","38":"e10","39":"e10","40":"e10","41":"e10","42":"e15","43":"e15","44":"e15","45":"e15","46":"e15","47":"e15","48":"e15"},"Landscape_Treatment":{"0":"l0","1":"l1","2":"l2","3":"l3","4":"l5","5":"l10","6":"l15","7":"l0","8":"l1","9":"l2","10":"l3","11":"l5","12":"l10","13":"l15","14":"l0","15":"l1","16":"l2","17":"l3","18":"l5","19":"l10","20":"l15","21":"l0","22":"l1","23":"l2","24":"l3","25":"l5","26":"l10","27":"l15","28":"l0","29":"l1","30":"l2","31":"l3","32":"l5","33":"l10","34":"l15","35":"l0","36":"l1","37":"l2","38":"l3","39":"l5","40":"l10","41":"l15","42":"l0","43":"l1","44":"l2","45":"l3","46":"l5","47":"l10","48":"l15"},"total":{"0":7372689.2521263398,"1":7925636.9849291705,"2":7984637.0162148103,"3":7941638.8684873702,"4":7902382.9353866801,"5":7847906.7351736696,"6":7506063.8020434799,"7":7464685.1259540701,"8":7960765.1146577699,"9":8064317.9099141201,"10":8073422.9550920902,"11":8110663.4270358002,"12":8041680.14787958,"13":7740002.9451760398,"14":7377620.3853491601,"15":7950258.4031745596,"16":7935119.6472399002,"17":7964190.5122143803,"18":8004679.8823209498,"19":7919444.5425350703,"20":7738920.2587912604,"21":7343389.8138033701,"22":7874560.6838720003,"23":7917620.3060714602,"24":7940439.5803672504,"25":7882984.6446679998,"26":7897757.8658452099,"27":7699600.00485064,"28":7272972.1547809504,"29":7762168.93990047,"30":7862501.3294470897,"31":7865385.47690026,"32":7950951.2480247896,"33":7913154.4293152196,"34":7733486.9845804898,"35":6861119.2158386102,"36":7359974.0888385102,"37":7433629.7711832896,"38":7543273.5402293997,"39":7585382.1291295802,"40":7605216.1218511704,"41":7557990.7902041897,"42":6695668.2412361996,"43":7220129.8685474796,"44":7271574.0032108398,"45":7380963.8612229005,"46":7393121.2437888598,"47":7456212.0883295797,"48":8460669.7117453609},"House_loss_cost":{"0":4326258.7115279203,"1":4337125.7550685303,"2":4311152.2154099597,"3":4197720.0933538098,"4":4088198.1733416002,"5":3977273.5430729399,"6":3700822.7716714102,"7":3836867.7379205101,"8":3798048.7556465599,"9":3804220.2215021499,"10":3771131.2731470298,"11":3701553.0560301002,"12":3530858.8802793599,"13":3301243.0905920202,"14":3514565.8691111598,"15":3518619.1063665599,"16":3424707.5184673402,"17":3393199.5038329801,"18":3321857.1444655298,"19":3135067.3874756098,"20":3011885.0497793602,"21":3261981.8881219798,"22":3254858.93936022,"23":3184221.8204594702,"24":3148252.1379720699,"25":3021756.6375878602,"26":2922272.8283916898,"27":2760491.6903588502,"28":2750822.7215478802,"29":2668995.49492006,"30":2663700.4841429899,"31":2614078.91792764,"32":2573301.73401995,"33":2449828.4737317599,"34":2281056.0535983099,