{"Fire_area":{"0":1.0,"1":0.994694662,"2":0.989731392,"3":0.988319903,"4":0.981022964,"5":0.972286137,"6":0.966551027,"7":0.992755201,"8":0.988333748,"9":0.983997653,"10":0.982235027,"11":0.975553781,"12":0.966474662,"13":0.961069783,"14":0.990336668,"15":0.985721507,"16":0.980675132,"17":0.979729648,"18":0.972644103,"19":0.963598701,"20":0.958189816,"21":0.983052616,"22":0.979379693,"23":0.975203955,"24":0.972153262,"25":0.966868489,"26":0.957218772,"27":0.950926238,"28":0.975794537,"29":0.971191348,"30":0.967327624,"31":0.965389264,"32":0.958826328,"33":0.952339176,"34":0.944181054,"35":0.964816544,"36":0.960273302,"37":0.956860274,"38":0.954895446,"39":0.947946566,"40":0.939625908,"41":0.933351569,"42":0.957288774,"43":0.952442057,"44":0.946966503,"45":0.945788292,"46":0.94036136,"47":0.931967781,"48":0.92556147},"House_loss":{"0":1.0,"1":1.024258814,"2":1.04791312,"3":1.026560641,"4":1.033254515,"5":1.060930538,"6":1.063510985,"7":1.003028008,"8":1.017752925,"9":1.039528517,"10":1.032380127,"11":1.074405526,"12":1.084490714,"13":1.068273581,"14":1.023601644,"15":1.028694925,"16":1.039036344,"17":1.016347059,"18":1.05244836,"19":1.086390932,"20":1.047649923,"21":1.013462141,"22":1.027655641,"23":1.046042875,"24":1.041700884,"25":1.050759722,"26":1.086281746,"27":1.088587827,"28":1.057273748,"29":1.058894396,"30":1.077727547,"31":1.085756143,"32":1.094688937,"33":1.091278446,"34":1.108692442,"35":1.081141356,"36":1.113298774,"37":1.121741106,"38":1.133701286,"39":1.124586274,"40":1.153724147,"41":1.177378013,"42":1.115607023,"43":1.109014037,"44":1.105438488,"45":1.107840181,"46":1.147297839,"47":1.164106559,"48":1.139494253},"Life_loss":{"0":1.0,"1":1.020352585,"2":1.038244169,"3":1.032404204,"4":1.038782836,"5":1.075109998,"6":1.072082681,"7":1.016141817,"8":1.026310182,"9":1.055044221,"10":1.030847282,"11":1.058626358,"12":1.079527029,"13":1.079847362,"14":1.014565947,"15":1.029688329,"16":1.030294039,"17":1.027718628,"18":1.050494121,"19":1.080029013,"20":1.069017375,"21":1.048286038,"22":1.043426897,"23":1.059622287,"24":1.046532202,"25":1.073558529,"26":1.08866065,"27":1.095491898,"28":1.024685562,"29":1.049654387,"30":1.057808454,"31":1.05490387,"32":1.067810284,"33":1.100589714,"34":1.113495235,"35":1.070814999,"36":1.08347755,"37":1.105330522,"38":1.116578,"39":1.112062762,"40":1.137901352,"41":1.135350126,"42":1.077238296,"43":1.113800855,"44":1.113740016,"45":1.117936361,"46":1.126785781,"47":1.15712432,"48":1.151899184},"Road_loss":{"0":1.0,"1":0.996633558,"2":0.994218719,"3":0.992709181,"4":0.990924471,"5":0.981841592,"6":0.982469426,"7":0.997652346,"8":0.993842029,"9":0.990648307,"10":0.989982723,"11":0.991143955,"12":0.980534956,"13":0.980814621,"14":0.997268925,"15":0.995230875,"16":0.991262139,"17":0.992509271,"18":0.988524242,"19":0.980411841,"20":0.977714361,"21":0.987558821,"22":0.985135531,"23":0.983770486,"24":0.981820536,"25":0.980788726,"26":0.974177644,"27":0.972047614,"28":0.982856842,"29":0.979291742,"30":0.978103767,"31":0.974867563,"32":0.976158138,"33":0.966614558,"34":0.96559281,"35":0.970533612,"36":0.968296891,"37":0.964988152,"38":0.962459485,"39":0.961907944,"40":0.95534074,"41":0.9540413,"42":0.962127239,"43":0.961231943,"44":0.957230149,"45":0.955768447,"46":0.952601707,"47":0.947708011,"48":0.946727206},"Power_loss":{"0":1.0,"1":1.002150016,"2":1.000364004,"3":1.001683108,"4":1.003725816,"5":1.01947016,"6":1.006608794,"7":1.00183493,"8":1.004391226,"9":1.000818325,"10":1.00128141,"11":1.003730633,"12":1.018841347,"13":1.006779444,"14":1.000671344,"15":1.000963649,"16":1.001612283,"17":1.000749252,"18":1.004234215,"19":1.020037914,"20":1.008502369,"21":1.005590167,"22":1.005845824,"23":1.005249471,"24":1.006411025,"25":1.006673584,"26":1.018879125,"27":1.009363615,"28":1.013760891,"29":1.01652971,"30":1.014744349,"31":1.015014813,"32":1.017955396,"33":1.022343499,"34":1.020084229,"35":1.019384301,"36":1.020199933,"37":1.019684333,"38":1.021555126,"39":1.019884846,"40":1.023070515,"41":1.02325258,"42":1.006187502,"43":1.007339934,"44":1.007139172,"45":1.008052703,"46":1.007105626,"47":1.020276121,"48":1.010187952},"TFI_burnt":{"0":1.0,"1":1.872286077,"2":2.972518287,"3":3.56072641,"4":4.921381108,"5":6.663987358,"6":7.383411732,"7":1.267283154,"8":2.116467821,"9":3.224545941,"10":3.800293303,"11":5.115391191,"12":6.842592267,"13":7.534274436,"14":1.406082779,"15":2.178596153,"16":3.321983631,"17":3.881495067,"18":5.19220976,"19":6.804891728,"20":7.561879452,"21":1.387591794,"22":2.238870992,"23":3.250680537,"24":3.851595284,"25":5.033191579,"26":6.749135443,"27":7.411684319,"28":1.687270195,"29":2.441316362,"30":3.467444229,"31":4.039298357,"32":5.162198798,"33":6.826203111,"34":7.432908318,"35":3.047231428,"36":3.699535586,"37":4.741211388,"38":5.302387983,"39":6.070342054,"40":7.696401803,"41":8.339586875,"42":3.768736201,"43":4.371133791,"44":5.297096152,"45":5.864647069,"46":6.541199774,"47":8.17800091,"48":8.793840398},"Edge_Treatment":{"0":"e0","1":"e0","2":"e0","3":"e0","4":"e0","5":"e0","6":"e0","7":"e1","8":"e1","9":"e1","10":"e1","11":"e1","12":"e1","13":"e1","14":"e2","15":"e2","16":"e2","17":"e2","18":"e2","19":"e2","20":"e2","21":"e3","22":"e3","23":"e3","24":"e3","25":"e3","26":"e3","27":"e3","28":"e5","29":"e5","30":"e5","31":"e5","32":"e5","33":"e5","34":"e5","35":"e10","36":"e10","37":"e10","38":"e10","39":"e10","40":"e10","41":"e10","42":"e15","43":"e15","44":"e15","45":"e15","46":"e15","47":"e15","48":"e15"},"Landscape_Treatment":{"0":"l0","1":"l1","2":"l2","3":"l3","4":"l5","5":"l10","6":"l15","7":"l0","8":"l1","9":"l2","10":"l3","11":"l5","12":"l10","13":"l15","14":"l0","15":"l1","16":"l2","17":"l3","18":"l5","19":"l10","20":"l15","21":"l0","22":"l1","23":"l2","24":"l3","25":"l5","26":"l10","27":"l15","28":"l0","29":"l1","30":"l2","31":"l3","32":"l5","33":"l10","34":"l15","35":"l0","36":"l1","37":"l2","38":"l3","39":"l5","40":"l10","41":"l15","42":"l0","43":"l1","44":"l2","45":"l3","46":"l5","47":"l10","48":"l15"},"total":{"0":6968296.6490338799,"1":7438439.3864007201,"2":7725489.3965089796,"3":7790354.2249668902,"4":7933249.6159668798,"5":7926131.4297631998,"6":7980820.52684996,"7":7339602.5796870096,"8":7802981.8168915696,"9":8099735.3160113599,"10":8153355.8698522402,"11":8321413.5681044403,"12":8299253.0328559401,"13":8350397.9354381999,"14":7621361.3685247004,"15":8086050.7261916604,"16":8355933.1310948301,"17":8426872.4626191799,"18":8585622.6329040304,"19":8576472.2452746909,"20":8619107.8060306199,"21":7710865.2434935002,"22":8172397.9197738599,"23":8463244.7159211598,"24":8513343.7004582696,"25":8685337.9493457396,"26":8660537.3812089991,"27":8719276.3986253291,"28":7950483.2701886799,"29":8429426.0500588901,"30":8717007.3353219591,"31":8784608.4480045903,"32":8933846.2612516396,"33":8940552.4802280609,"34":8998257.9291350897,"35":8188416.31731511,"36":8656252.0645316504,"37":8959736.5510846693,"38":9039028.9701316804,"39":9173369.9091049992,"40":9166785.0931381807,"41":9225752.0414874908,"42":8597184.5464620199,"43":9079281.8050866704,"44":9341802.9152775407,"45":9420116.6151954606,"46":9574504.5911675803,"47":9573663.3180335406,"48":9624473.1829419993},"House_loss_cost":{"0":162788.586610081,"1":167400.399922512,"2":173197.508461854,"3":168696.792384603,"4":169785.771030255,"5":174188.649264699,"6":175295.65207076,"7":163249.184363765,"8":166281.640489718,"9":171841.838027502,"10":168631.795483826,"11":176452.681162505,"12":176476.593226069,"13":176143.827944462,"14":168611.358275666,"15":169109.49559899,"16":169724.416411808,"17":166254.726642522,"18":173312.995404127,"19":180210.706934952,"20":171857.463492621,"21":166825.916876747,"22":168400.79379451,"23":172421.371798219,"24":171688.593450721,"25":173764.134444235,"26":179143.931798604,"27":179754.042321432,"28":172141.602702237,"29":172809.904643056,"30":177076.201949529,"31":177756.563259992,"32":180510.481023791,"33":180190.568797388,"34":182263.955659331,"35":178752.754531162,"36":183269.139084239,"37":186894.859353262,