{"Fire_area":{"0":1.0,"1":0.918367516,"2":0.844116169,"3":0.800113577,"4":0.676387507,"5":0.614372606,"6":0.594756175,"7":0.971650172,"8":0.895536548,"9":0.82896122,"10":0.789414495,"11":0.657620723,"12":0.594709019,"13":0.57935538,"14":0.947859984,"15":0.868788791,"16":0.803816325,"17":0.750663495,"18":0.625438125,"19":0.571416396,"20":0.55396754,"21":0.920760834,"22":0.84706462,"23":0.779192875,"24":0.732626173,"25":0.610181746,"26":0.553940872,"27":0.538205311,"28":0.878590556,"29":0.80121492,"30":0.740109112,"31":0.686800133,"32":0.570179195,"33":0.516993658,"34":0.498714787,"35":0.810455235,"36":0.738786873,"37":0.676971079,"38":0.623646538,"39":0.518220926,"40":0.476030232,"41":0.463580953,"42":0.775313587,"43":0.70153316,"44":0.646952512,"45":0.59756203,"46":0.494204089,"47":0.455280594,"48":0.443595158},"House_loss":{"0":1.0,"1":0.984104728,"2":0.988184357,"3":0.961651947,"4":0.948805179,"5":0.924553266,"6":0.916887509,"7":0.914949525,"8":0.91212701,"9":0.9100847,"10":0.878310158,"11":0.878238001,"12":0.841527434,"13":0.847316272,"14":0.850419089,"15":0.853433726,"16":0.83969623,"17":0.829119148,"18":0.826642352,"19":0.807285214,"20":0.794174723,"21":0.82857907,"22":0.824739487,"23":0.829033597,"24":0.807647013,"25":0.793774588,"26":0.779411386,"27":0.776464014,"28":0.716356103,"29":0.702887629,"30":0.702374809,"31":0.701837725,"32":0.694355914,"33":0.682426152,"34":0.676442856,"35":0.626655747,"36":0.619545618,"37":0.625053321,"38":0.617247154,"39":0.617262036,"40":0.612797287,"41":0.611899499,"42":0.588315748,"43":0.587357256,"44":0.585553649,"45":0.585326952,"46":0.583767878,"47":0.582194009,"48":0.57974612},"Life_loss":{"0":1.0,"1":0.98407039,"2":0.998945,"3":0.982454644,"4":0.983826442,"5":0.960664298,"6":0.949367618,"7":0.971026802,"8":0.958991446,"9":0.959795143,"10":0.954819316,"11":0.957135773,"12":0.941201407,"13":0.940057194,"14":0.941929136,"15":0.932892868,"16":0.928332817,"17":0.932145158,"18":0.918865109,"19":0.924034899,"20":0.917848697,"21":0.926286261,"22":0.919115192,"23":0.923574253,"24":0.916279049,"25":0.905271841,"26":0.902514958,"27":0.899652933,"28":0.892219448,"29":0.890809589,"30":0.8868626,"31":0.884869642,"32":0.883350802,"33":0.880155673,"34":0.879761082,"35":0.874358273,"36":0.870995481,"37":0.870542001,"38":0.869137726,"39":0.868310517,"40":0.86839442,"41":0.867023693,"42":0.860947506,"43":0.860043971,"44":0.859951612,"45":0.859026645,"46":0.858863053,"47":0.858706891,"48":0.858281528},"Road_loss":{"0":1.0,"1":0.831365509,"2":0.749470361,"3":0.667179744,"4":0.513604724,"5":0.421674586,"6":0.397569858,"7":0.972948332,"8":0.803860577,"9":0.715172137,"10":0.638943446,"11":0.487946804,"12":0.394824575,"13":0.3730312,"14":0.934674986,"15":0.774141451,"16":0.687866247,"17":0.609988693,"18":0.465517907,"19":0.37189641,"20":0.350641374,"21":0.910004304,"22":0.751367603,"23":0.655652749,"24":0.580313285,"25":0.439887592,"26":0.349317949,"27":0.324596322,"28":0.85889309,"29":0.701850341,"30":0.617996737,"31":0.536715293,"32":0.401115746,"33":0.316074717,"34":0.296340911,"35":0.790370269,"36":0.633326201,"37":0.559026425,"38":0.480044857,"39":0.347490458,"40":0.271759414,"41":0.253807576,"42":0.753733757,"43":0.597015364,"44":0.521502137,"45":0.445497325,"46":0.320957848,"47":0.249865514,"48":0.236856579},"Power_loss":{"0":1.0,"1":1.000097516,"2":1.000197247,"3":1.000246263,"4":1.000387554,"5":1.000495331,"6":1.000556306,"7":1.000053667,"8":1.000144908,"9":1.000236888,"10":1.000289817,"11":1.0004128,"12":1.00050131,"13":1.000563024,"14":1.000052707,"15":1.000150962,"16":1.000235559,"17":1.000271878,"18":1.000386594,"19":1.000482486,"20":1.00054169,"21":1.000074632,"22":1.000159894,"23":1.000247961,"24":1.000277932,"25":1.000390876,"26":1.000494002,"27":1.00054981,"28":1.000068579,"29":1.000146459,"30":1.000225224,"31":1.000270328,"32":1.000373085,"33":1.000460857,"34":1.000507585,"35":1.00025239,"36":1.000309084,"37":1.00035249,"38":1.000369394,"39":1.000430296,"40":1.000491049,"41":1.000529362,"42":1.000334478,"43":1.000369321,"44":1.000408371,"45":1.000417599,"46":1.000450891,"47":1.000492895,"48":1.000523973},"TFI_burnt":{"0":1.0,"1":1.199374205,"2":1.330695268,"3":1.51164077,"4":1.596906194,"5":1.678331297,"6":1.591458194,"7":1.038343286,"8":1.253200299,"9":1.37829579,"10":1.540669362,"11":1.60106664,"12":1.659146489,"13":1.60501085,"14":1.060352788,"15":1.250980439,"16":1.394209113,"17":1.536296723,"18":1.616227392,"19":1.708420203,"20":1.616331725,"21":1.103745918,"22":1.299320127,"23":1.408800375,"24":1.554501257,"25":1.650644973,"26":1.704965995,"27":1.61145746,"28":1.124527977,"29":1.315801935,"30":1.449872679,"31":1.567733092,"32":1.635189708,"33":1.714083201,"34":1.613904607,"35":1.087104694,"36":1.277566419,"37":1.359186616,"38":1.520741437,"39":1.575290661,"40":1.628719096,"41":1.535156434,"42":1.007793274,"43":1.202957102,"44":1.289182358,"45":1.431020378,"46":1.477400574,"47":1.529773935,"48":1.451718867},"Edge_Treatment":{"0":"e0","1":"e0","2":"e0","3":"e0","4":"e0","5":"e0","6":"e0","7":"e1","8":"e1","9":"e1","10":"e1","11":"e1","12":"e1","13":"e1","14":"e2","15":"e2","16":"e2","17":"e2","18":"e2","19":"e2","20":"e2","21":"e3","22":"e3","23":"e3","24":"e3","25":"e3","26":"e3","27":"e3","28":"e5","29":"e5","30":"e5","31":"e5","32":"e5","33":"e5","34":"e5","35":"e10","36":"e10","37":"e10","38":"e10","39":"e10","40":"e10","41":"e10","42":"e15","43":"e15","44":"e15","45":"e15","46":"e15","47":"e15","48":"e15"},"Landscape_Treatment":{"0":"l0","1":"l1","2":"l2","3":"l3","4":"l5","5":"l10","6":"l15","7":"l0","8":"l1","9":"l2","10":"l3","11":"l5","12":"l10","13":"l15","14":"l0","15":"l1","16":"l2","17":"l3","18":"l5","19":"l10","20":"l15","21":"l0","22":"l1","23":"l2","24":"l3","25":"l5","26":"l10","27":"l15","28":"l0","29":"l1","30":"l2","31":"l3","32":"l5","33":"l10","34":"l15","35":"l0","36":"l1","37":"l2","38":"l3","39":"l5","40":"l10","41":"l15","42":"l0","43":"l1","44":"l2","45":"l3","46":"l5","47":"l10","48":"l15"},"total":{"0":747489.404742769,"1":2758034.78584253,"2":4398327.1652824096,"3":5889996.1954154996,"4":8375337.08400911,"5":10161830.3295821007,"6":10441153.4335417002,"7":1793092.1965200501,"8":3808767.8436107901,"9":5445207.9276779797,"10":6941621.0251897098,"11":9425506.6850974094,"12":11212274.1274204999,"13":11497545.8584582005,"14":2481248.3143905601,"15":4500469.1848458396,"16":6130736.7692662096,"17":7625446.4304291997,"18":10111246.3445881996,"19":11909193.9452554006,"20":12187138.6841451004,"21":3204796.34732007,"22":5227053.7932907203,"23":6860037.67528552,"24":8352673.1181819402,"25":10839938.3928861003,"26":12637490.5657960009,"27":12919173.1784492005,"28":4192038.4941462199,"29":6210557.3503884096,"30":7845374.6139924098,"31":9343175.9718062896,"32":11835080.7226397991,"33":13634181.1601059996,"34":13917533.5966577996,"35":5531727.2919640196,"36":7553825.7727822997,"37":9191277.3710262291,"38":10688635.3260951992,"39":13187858.7579795998,"40":14994048.1050811,"41":15280103.3044859003,"42":5809021.9412673404,"43":7833219.6371935001,"44":9472874.0505668707,"45":10974243.0132344998,"46":13475024.7393274996,"47":15282701.5416746009,"48":15569273.1346192006},"House_loss_cost":{"0":100590.645348203,"1":98507.9385127913,"2":99336.2303993533,"3":95141.199261501,"4":92872.0139378051,"5":88723.7869693348,"6":87520.7840607418,"7":87019.5455124563,"8":85816.6838577688,"9":85985.2126215726,"10":81072.536832167,"11":81067.9646617287,"12":75264.9620436766,"13":75890.8935046024,"14":76321.3017531494,"15":76305.8727742241,"16":74441.0635650417,"17":72936.3804836151,"18":71414.4771532277,"19":68788.6625347004,"20":66453.2273566505,"21":72600.7344037511,"22":71831.6747593736,"23":72321.1006116197,"24":68260.5730417428,"25":66230.0095087999,"26":64156.330434382,"27":63553.9319350273,"28":52695.1398650965,"29":50563.6713930105,"30":50522.5848238725,"31":50223.5353266792,"32":48656.2575668261,"33":46688.4663933473,"34":45733.8180203352,"35":37917.4821957,"36":36744.2164361834,"37":37520.7226941141,