{"Fire_area":{"0":1.0,"1":0.986894923,"2":0.892874703,"3":0.856589319,"4":0.656726552,"5":0.568466291,"6":0.571269904,"7":1.047326501,"8":0.876410152,"9":0.758727519,"10":0.688566427,"11":0.501632933,"12":0.446606579,"13":0.428396742,"14":0.989801787,"15":0.803703727,"16":0.748619247,"17":0.673286796,"18":0.480186561,"19":0.423728755,"20":0.405386808,"21":1.022427052,"22":0.785916697,"23":0.727810158,"24":0.682846251,"25":0.482408328,"26":0.419371927,"27":0.410901368,"28":0.860253522,"29":0.634951638,"30":0.571429902,"31":0.533440083,"32":0.482385768,"33":0.366024331,"34":0.357124843,"35":0.872708726,"36":0.632700622,"37":0.568779799,"38":0.519922827,"39":0.413258236,"40":0.377181308,"41":0.350914361,"42":0.870302449,"43":0.616259757,"44":0.543852972,"45":0.504411967,"46":0.408366126,"47":0.353344328,"48":0.368073138},"House_loss":{"0":1.0,"1":1.012721494,"2":0.968143673,"3":1.002318688,"4":0.857272328,"5":0.878489503,"6":0.879356983,"7":0.97270337,"8":0.831657699,"9":0.729889622,"10":0.712893552,"11":0.55191081,"12":0.561228034,"13":0.538048127,"14":0.899860903,"15":0.722795355,"16":0.702075206,"17":0.662024013,"18":0.49464812,"19":0.513194056,"20":0.488970533,"21":0.898322023,"22":0.656700166,"23":0.639284804,"24":0.644074424,"25":0.471998192,"26":0.483425512,"27":0.465481614,"28":0.688867159,"29":0.465907943,"30":0.439102152,"31":0.441582086,"32":0.445066337,"33":0.377584723,"34":0.368675282,"35":0.570490338,"36":0.384341866,"37":0.36029841,"38":0.357786884,"39":0.304767521,"40":0.299196983,"41":0.29013081,"42":0.488799356,"43":0.309128082,"44":0.289950922,"45":0.283252035,"46":0.249473345,"47":0.236005615,"48":0.239236485},"Life_loss":{"0":1.0,"1":1.018470006,"2":0.949031057,"3":1.002395566,"4":0.845836211,"5":0.857550148,"6":0.872546435,"7":1.009589971,"8":0.772115782,"9":0.649771464,"10":0.623210828,"11":0.465926345,"12":0.474746517,"13":0.461385363,"14":0.885391298,"15":0.655228936,"16":0.628815193,"17":0.587977797,"18":0.431950834,"19":0.456102931,"20":0.450396583,"21":0.900298546,"22":0.58486658,"23":0.566616866,"24":0.586376021,"25":0.420360642,"26":0.427246677,"27":0.415837048,"28":0.694076388,"29":0.423042995,"30":0.406381564,"31":0.408684071,"32":0.397394031,"33":0.362458157,"34":0.359828341,"35":0.589617094,"36":0.384316145,"37":0.364807905,"38":0.352489127,"39":0.323181238,"40":0.321366143,"41":0.320190173,"42":0.551524639,"43":0.349186148,"44":0.334637228,"45":0.333860643,"46":0.305282484,"47":0.301106298,"48":0.310402704},"Road_loss":{"0":1.0,"1":0.96670554,"2":0.882197962,"3":0.882860416,"4":0.702990011,"5":0.656704213,"6":0.667567754,"7":0.998791766,"8":0.860278334,"9":0.751560365,"10":0.700358221,"11":0.531804747,"12":0.487482948,"13":0.479855341,"14":0.939926392,"15":0.768986864,"16":0.729144032,"17":0.667447819,"18":0.497152146,"19":0.451442836,"20":0.44296505,"21":0.961515635,"22":0.750985877,"23":0.704805787,"24":0.684873461,"25":0.499900882,"26":0.449606301,"27":0.447026002,"28":0.790930048,"29":0.586695484,"30":0.533833871,"31":0.516842772,"32":0.492679943,"33":0.390805556,"34":0.386240304,"35":0.778082909,"36":0.560741759,"37":0.50313165,"38":0.474448884,"39":0.400977625,"40":0.383536773,"41":0.365944151,"42":0.769842123,"43":0.538062126,"44":0.487113785,"45":0.463867187,"46":0.395243751,"47":0.359569849,"48":0.385311749},"Power_loss":{"0":1.0,"1":0.976823362,"2":0.919397857,"3":0.924675743,"4":0.79817115,"5":0.766706017,"6":0.760986165,"7":0.99335041,"8":0.852971913,"9":0.775475925,"10":0.747775535,"11":0.603757154,"12":0.556651035,"13":0.531301127,"14":0.932829227,"15":0.768213024,"16":0.741275922,"17":0.710890521,"18":0.551456308,"19":0.514326708,"20":0.485118378,"21":0.914284256,"22":0.736492834,"23":0.702085456,"24":0.6917427,"25":0.540613114,"26":0.494706106,"27":0.471805284,"28":0.760185082,"29":0.582221465,"30":0.539225294,"31":0.529532765,"32":0.519746319,"33":0.411705499,"34":0.391387936,"35":0.693207145,"36":0.508665846,"37":0.466488317,"38":0.453334448,"39":0.399594354,"40":0.358031805,"41":0.326030718,"42":0.637370811,"43":0.447425891,"44":0.40805339,"45":0.396722237,"46":0.347124127,"47":0.296609796,"48":0.298395246},"TFI_burnt":{"0":1.0,"1":1.795752433,"2":1.80056545,"3":1.815264408,"4":1.806177912,"5":1.813132035,"6":1.80334893,"7":1.788337378,"8":0.999216261,"9":1.003794234,"10":1.001118308,"11":1.008672122,"12":1.01040132,"13":1.00744499,"14":1.776830428,"15":1.000938768,"16":0.999051019,"17":1.004763148,"18":1.005075108,"19":1.015332035,"20":1.000500376,"21":1.776786335,"22":1.002484833,"23":1.008154349,"24":1.007285101,"25":1.008040242,"26":1.005078137,"27":1.011464337,"28":1.782131846,"29":1.008508077,"30":1.004519159,"31":1.008903081,"32":1.011997817,"33":1.009031978,"34":1.00965632,"35":1.768280371,"36":1.014365938,"37":1.003515097,"38":1.004514792,"39":1.012300972,"40":1.009115867,"41":1.008269299,"42":1.768670726,"43":1.014431514,"44":1.008853212,"45":1.006895873,"46":1.009380494,"47":1.010182053,"48":1.010060693},"Edge_Treatment":{"0":"e0","1":"e0","2":"e0","3":"e0","4":"e0","5":"e0","6":"e0","7":"e1","8":"e1","9":"e1","10":"e1","11":"e1","12":"e1","13":"e1","14":"e2","15":"e2","16":"e2","17":"e2","18":"e2","19":"e2","20":"e2","21":"e3","22":"e3","23":"e3","24":"e3","25":"e3","26":"e3","27":"e3","28":"e5","29":"e5","30":"e5","31":"e5","32":"e5","33":"e5","34":"e5","35":"e10","36":"e10","37":"e10","38":"e10","39":"e10","40":"e10","41":"e10","42":"e15","43":"e15","44":"e15","45":"e15","46":"e15","47":"e15","48":"e15"},"Landscape_Treatment":{"0":"l0","1":"l1","2":"l2","3":"l3","4":"l5","5":"l10","6":"l15","7":"l0","8":"l1","9":"l2","10":"l3","11":"l5","12":"l10","13":"l15","14":"l0","15":"l1","16":"l2","17":"l3","18":"l5","19":"l10","20":"l15","21":"l0","22":"l1","23":"l2","24":"l3","25":"l5","26":"l10","27":"l15","28":"l0","29":"l1","30":"l2","31":"l3","32":"l5","33":"l10","34":"l15","35":"l0","36":"l1","37":"l2","38":"l3","39":"l5","40":"l10","41":"l15","42":"l0","43":"l1","44":"l2","45":"l3","46":"l5","47":"l10","48":"l15"},"total":{"0":6964488.15159465,"1":7774052.3913776604,"2":7642380.7057635402,"3":8093123.2926902398,"4":7410168.6774020698,"5":7938033.3575119898,"6":8229741.9958371399,"7":7572164.7454023799,"8":6362249.66948801,"9":5905989.4086772297,"10":5959025.1505230302,"11":5225540.2187834801,"12":5756735.50751522,"13":5904725.9725420298,"14":7181806.38744717,"15":5810340.2544300901,"16":5933753.0842902204,"17":5870925.19067307,"18":5145449.1642091498,"19":5670869.3622106696,"20":5852078.1930881999,"21":7349898.1121330699,"22":5589924.3750712797,"23":5663474.2819966096,"24":5969298.26093785,"25":5171050.3102041604,"26":5660119.0205500601,"27":5837474.7458689604,"28":6318881.64008715,"29":4713220.5111179799,"30":4773852.3739644801,"31":5000376.7821814902,"32":5241617.1120118499,"33":5347277.11737647,"34":5602152.1661372604,"35":6003673.65402795,"36":4712126.8519034898,"37":4715512.6588258203,"38":4900389.3177545303,"39":4876365.7147273999,"40":5287630.2536935797,"41":5525226.22588077,"42":5881170.67892092,"43":4555662.8880579704,"44":4635467.8854693295,"45":4823176.8048809497,"46":4875230.0112189502,"47":5275306.7373411702,"48":5579072.2445641998},"House_loss_cost":{"0":2357411.1854686299,"1":2413601.8649858702,"2":2305067.9000729802,"3":2399521.8291664799,"4":2040645.29198217,"5":2087382.1799327701,"6":2107266.1109875902,"7":2315266.3591914601,"8":1946398.41532091,"9":1694226.18355384,"10":1658861.7433342,"11":1275625.01422836,"12":1298881.4942707201,"13":1249118.06156688,"14":2127760.6725657498,"15":1673428.23420271,"16":1631988.4490507899,"17":1541510.84908652,"18":1153761.0644346599,"19":1199385.47765734,"20":1146173.48868146,"21":2128386.8171141502,"22":1513986.38844939,"23":1476064.00180143,"24":1492386.2206039301,"25":1098756.66496384,"26":1124303.5121375599,"27":1083522.1634853899,"28":1626512.2334650999,"29":1090701.43047634,"30":1032842.76500953,"31":1036313.3353923101,"32":1040813.50658964,"33":897636.824741827,"34":878824.246355799,"35":1343102.0037968999,