{"Fire_area":{"0":1.0,"1":1.00022246,"2":0.984209655,"3":0.990163768,"4":0.976530208,"5":0.967011272,"6":0.96871305,"7":0.958655005,"8":0.957794522,"9":0.948678421,"10":0.947026545,"11":0.93332343,"12":0.92519871,"13":0.93181626,"14":0.929117175,"15":0.933599758,"16":0.914411501,"17":0.919105275,"18":0.906550769,"19":0.895942333,"20":0.90168306,"21":0.897042041,"22":0.888533641,"23":0.8839592,"24":0.883281541,"25":0.870469665,"26":0.862877648,"27":0.865233422,"28":0.864100063,"29":0.862394205,"30":0.858333058,"31":0.850776494,"32":0.841654122,"33":0.832625928,"34":0.834590668,"35":0.743431074,"36":0.74160793,"37":0.738573341,"38":0.73562096,"39":0.718179535,"40":0.712320763,"41":0.718924793,"42":0.666502887,"43":0.665163513,"44":0.659984875,"45":0.657732655,"46":0.647575393,"47":0.641905464,"48":0.643889335},"House_loss":{"0":1.0,"1":1.000528697,"2":1.000495755,"3":0.999744355,"4":1.000810355,"5":0.999040789,"6":0.999429552,"7":0.949505104,"8":0.948929011,"9":0.948657007,"10":0.94857652,"11":0.949183001,"12":0.946793033,"13":0.947535987,"14":0.9429545,"15":0.941871826,"16":0.942435046,"17":0.941502674,"18":0.942444213,"19":0.940413754,"20":0.940104397,"21":0.883579218,"22":0.882051373,"23":0.882394448,"24":0.882642493,"25":0.884283589,"26":0.880803288,"27":0.882058355,"28":0.854072809,"29":0.854695059,"30":0.854382064,"31":0.853087097,"32":0.853120363,"33":0.853126628,"34":0.853043662,"35":0.72305145,"36":0.722842771,"37":0.723321083,"38":0.723073547,"39":0.722135003,"40":0.721695614,"41":0.722541648,"42":0.622290795,"43":0.622444562,"44":0.622187108,"45":0.621824202,"46":0.620954281,"47":0.621066296,"48":0.621180307},"Life_loss":{"0":1.0,"1":0.997351689,"2":0.99660412,"3":0.997162723,"4":0.99867455,"5":0.994926791,"6":0.99618312,"7":0.981656203,"8":0.981346953,"9":0.98085618,"10":0.98131314,"11":0.97947783,"12":0.977913657,"13":0.980138134,"14":0.972045355,"15":0.970963634,"16":0.969929999,"17":0.970699234,"18":0.969849831,"19":0.968634932,"20":0.968882006,"21":0.951970935,"22":0.950289774,"23":0.950641158,"24":0.950876567,"25":0.951693048,"26":0.95054498,"27":0.951455099,"28":0.945042083,"29":0.945093296,"30":0.945380978,"31":0.944240973,"32":0.942774279,"33":0.944527157,"34":0.943282798,"35":0.88802511,"36":0.888138726,"37":0.887949435,"38":0.887695008,"39":0.885385534,"40":0.887106442,"41":0.887669938,"42":0.854313959,"43":0.854365995,"44":0.854285027,"45":0.853930217,"46":0.853818553,"47":0.853436821,"48":0.854315469},"Road_loss":{"0":1.0,"1":0.985969227,"2":0.990088627,"3":0.983277662,"4":0.977460363,"5":0.961562658,"6":0.953566071,"7":0.956368433,"8":0.9460961,"9":0.944914171,"10":0.937819592,"11":0.932049806,"12":0.918234057,"13":0.911592518,"14":0.922410409,"15":0.915324114,"16":0.913375196,"17":0.910035924,"18":0.894415295,"19":0.884127839,"20":0.87861124,"21":0.892303482,"22":0.884195006,"23":0.884193911,"24":0.877925417,"25":0.865952645,"26":0.854581968,"27":0.85017945,"28":0.85320491,"29":0.846521904,"30":0.84424898,"31":0.83439208,"32":0.835387495,"33":0.819099394,"34":0.815581349,"35":0.7293395,"36":0.721636059,"37":0.719443972,"38":0.716649082,"39":0.708682324,"40":0.699985838,"41":0.697591848,"42":0.653030177,"43":0.647057891,"44":0.645549643,"45":0.639342583,"46":0.634601255,"47":0.625892787,"48":0.620277199},"Power_loss":{"0":1.0,"1":0.996617767,"2":0.995991809,"3":0.99639766,"4":0.989669276,"5":0.993319193,"6":0.994518821,"7":0.997358133,"8":0.976819904,"9":0.989425628,"10":0.99557338,"11":0.988771032,"12":0.986569972,"13":0.987956302,"14":0.961972737,"15":0.960012469,"16":0.952705694,"17":0.959927184,"18":0.959409955,"19":0.956376981,"20":0.954852886,"21":0.935438207,"22":0.931417249,"23":0.933906342,"24":0.930311812,"25":0.929560897,"26":0.933675933,"27":0.928322849,"28":0.87458712,"29":0.877367897,"30":0.876339405,"31":0.875508247,"32":0.87131893,"33":0.874728444,"34":0.874987388,"35":0.804616131,"36":0.805187329,"37":0.804323016,"38":0.803931401,"39":0.799619094,"40":0.804588589,"41":0.803939261,"42":0.739349047,"43":0.736126237,"44":0.739351009,"45":0.739337081,"46":0.735880718,"47":0.738588424,"48":0.737869183},"TFI_burnt":{"0":1.0,"1":0.998121393,"2":0.999841908,"3":1.004181277,"4":1.006160391,"5":0.988756298,"6":1.013499738,"7":1.004078507,"8":1.002844,"9":1.004980755,"10":1.011954919,"11":1.010974517,"12":0.993136978,"13":1.017803466,"14":1.007791833,"15":1.006424483,"16":1.009243367,"17":1.024236292,"18":1.012842863,"19":0.99507659,"20":1.022184371,"21":1.013901031,"22":1.012979947,"23":1.019057768,"24":1.022314337,"25":1.020924246,"26":1.004326414,"27":1.030073846,"28":1.104558683,"29":1.103718211,"30":1.103659798,"31":1.108009116,"32":1.109134045,"33":1.093970834,"34":1.118669131,"35":1.096683231,"36":1.097162908,"37":1.092753493,"38":1.102286926,"39":1.09713857,"40":1.07851333,"41":1.105480522,"42":1.16777757,"43":1.168691359,"44":1.181999936,"45":1.186179021,"46":1.171805861,"47":1.165821289,"48":1.186146838},"Edge_Treatment":{"0":"e0","1":"e0","2":"e0","3":"e0","4":"e0","5":"e0","6":"e0","7":"e1","8":"e1","9":"e1","10":"e1","11":"e1","12":"e1","13":"e1","14":"e2","15":"e2","16":"e2","17":"e2","18":"e2","19":"e2","20":"e2","21":"e3","22":"e3","23":"e3","24":"e3","25":"e3","26":"e3","27":"e3","28":"e5","29":"e5","30":"e5","31":"e5","32":"e5","33":"e5","34":"e5","35":"e10","36":"e10","37":"e10","38":"e10","39":"e10","40":"e10","41":"e10","42":"e15","43":"e15","44":"e15","45":"e15","46":"e15","47":"e15","48":"e15"},"Landscape_Treatment":{"0":"l0","1":"l1","2":"l2","3":"l3","4":"l5","5":"l10","6":"l15","7":"l0","8":"l1","9":"l2","10":"l3","11":"l5","12":"l10","13":"l15","14":"l0","15":"l1","16":"l2","17":"l3","18":"l5","19":"l10","20":"l15","21":"l0","22":"l1","23":"l2","24":"l3","25":"l5","26":"l10","27":"l15","28":"l0","29":"l1","30":"l2","31":"l3","32":"l5","33":"l10","34":"l15","35":"l0","36":"l1","37":"l2","38":"l3","39":"l5","40":"l10","41":"l15","42":"l0","43":"l1","44":"l2","45":"l3","46":"l5","47":"l10","48":"l15"},"total":{"0":993729.484979043,"1":1630201.50749161,"2":1984317.79628522,"3":2228739.6907837898,"4":2486954.12745636,"5":2886830.8056679801,"6":3015768.5233481899,"7":2712417.6169705698,"8":3350441.0596533902,"9":3705342.5970054301,"10":3949885.6428397298,"11":4204274.0620349301,"12":4605599.1662733704,"13":4736433.8447679002,"14":4151082.884722,"15":4787750.5271436702,"16":5143205.8900413597,"17":5387391.0804584799,"18":5643548.8975381702,"19":6045920.3215472503,"20":6173533.8411356201,"21":5130658.04315159,"22":5766742.3355425298,"23":6122890.6699466798,"24":6367830.2275285805,"25":6625682.9822001802,"26":7027072.6922273198,"27":7155904.7783180997,"28":6788179.1223918796,"29":7427336.9781771395,"30":7782781.11528196,"31":8025987.6804087805,"32":8280220.8578963904,"33":8686885.5360621791,"34":8812934.5066797193,"35":8538264.0976317693,"36":9176996.9645097703,"37":9532148.6303359494,"38":9776503.9060145803,"39":10029724.0901493002,"40":10436007.7416341007,"41":10564111.5269697998,"42":9187087.3897168599,"43":9825669.86935688,"44":10180640.2164022997,"45":10424921.4076634999,"46":10679860.9914359003,"47":11084616.5330257993,"48":11213241.2546085995},"House_loss_cost":{"0":615465.759804941,"1":615733.6178295281,"2":615822.663392149,"3":615045.784729989,"4":615966.458224521,"5":614775.804060315,"6":614964.152305324,"7":579592.490272327,"8":579346.7392103761,"9":579290.900325157,"10":578865.5101731051,"11":579304.028842759,"12":577704.631171196,"13":578325.338843693,"14":572732.317515422,"15":571893.152724379,"16":572614.254840876,"17":571806.652283503,"18":572666.091944767,"19":571432.878534465,"20":571288.989337105,"21":532305.949676841,"22":531491.072468037,"23":531639.45046005,"24":531795.25477249,"25":533022.571254643,"26":530796.598102677,"27":531552.8121925819,"28":514520.467179499,"29":514988.377492822,"30":514728.992189627,"31":514052.424348576,"32":514134.187124994,"33":513999.110861397,"34":513848.523546531,"35":423205.051546259,"36":423266.943497493,"37":423287.581700116,