{"Fire_area":{"0":1.0,"1":0.965438324,"2":0.946293638,"3":0.930186357,"4":0.903045827,"5":0.853017148,"6":0.787196003,"7":0.97436094,"8":0.940875493,"9":0.920004943,"10":0.90467684,"11":0.87853318,"12":0.828531545,"13":0.764778488,"14":0.950237845,"15":0.915567408,"16":0.900952287,"17":0.876577977,"18":0.854602069,"19":0.804976929,"20":0.741196164,"21":0.934135191,"22":0.900958338,"23":0.883414675,"24":0.865688559,"25":0.842456912,"26":0.790932494,"27":0.733817738,"28":0.934845422,"29":0.900257027,"30":0.883013922,"31":0.860856948,"32":0.839180171,"33":0.787607931,"34":0.729092055,"35":0.877649116,"36":0.845428617,"37":0.827723557,"38":0.809016336,"39":0.786561329,"40":0.739301294,"41":0.682901781,"42":0.850072655,"43":0.81733738,"44":0.799644186,"45":0.779948244,"46":0.760322273,"47":0.713466952,"48":0.66307755},"House_loss":{"0":1.0,"1":1.011050988,"2":1.00414292,"3":1.016073633,"4":1.017919485,"5":1.032073719,"6":1.033785167,"7":1.026230788,"8":1.035651472,"9":1.029463012,"10":1.031037467,"11":1.032669024,"12":1.045106216,"13":1.046087872,"14":1.006421873,"15":1.025217911,"16":1.015411878,"17":1.020299283,"18":1.021238447,"19":1.032686638,"20":1.035952589,"21":1.019712077,"22":1.032363733,"23":1.020427761,"24":1.033812298,"25":1.034235381,"26":1.035994162,"27":1.048783813,"28":1.040768785,"29":1.043727608,"30":1.042272281,"31":1.044309222,"32":1.044955616,"33":1.047404036,"34":1.051480923,"35":1.036019791,"36":1.0365989,"37":1.036076892,"38":1.036245274,"39":1.03662887,"40":1.037252808,"41":1.049689918,"42":1.048390449,"43":1.048658257,"44":1.048684136,"45":1.048979493,"46":1.04891588,"47":1.049409254,"48":1.053328111},"Life_loss":{"0":1.0,"1":1.010714197,"2":1.003613496,"3":1.015225778,"4":1.016856691,"5":1.030375176,"6":1.031841323,"7":1.02579367,"8":1.03507415,"9":1.028614623,"10":1.029984705,"11":1.031386726,"12":1.043411045,"13":1.044246965,"14":1.005623608,"15":1.0242732,"16":1.014531179,"17":1.018915897,"18":1.019721429,"19":1.030861877,"20":1.033712319,"21":1.018410735,"22":1.030642216,"23":1.019018335,"24":1.031895075,"25":1.032251645,"26":1.033753572,"27":1.046572231,"28":1.039652062,"29":1.042231707,"30":1.04094846,"31":1.042730579,"32":1.043283529,"33":1.045396324,"34":1.049098125,"35":1.033773913,"36":1.034266903,"37":1.033818515,"38":1.03396049,"39":1.034288061,"40":1.034819364,"41":1.047338634,"42":1.046236655,"43":1.046463994,"44":1.046487112,"45":1.046737732,"46":1.046681939,"47":1.047100838,"48":1.050669896},"Road_loss":{"0":1.0,"1":0.996402731,"2":0.95204589,"3":0.960549695,"4":0.952318207,"5":0.941087867,"6":0.899094243,"7":1.001081794,"8":0.996820336,"9":0.951390867,"10":0.958202217,"11":0.951292388,"12":0.938293637,"13":0.896577293,"14":0.98951614,"15":0.987125203,"16":0.942991967,"17":0.946978583,"18":0.941954906,"19":0.929429863,"20":0.887192011,"21":0.988576979,"22":0.984938616,"23":0.93906603,"24":0.946373134,"25":0.940210312,"26":0.925242209,"27":0.886053422,"28":1.000671214,"29":0.995108926,"30":0.953070956,"31":0.957851463,"32":0.951588512,"33":0.938174336,"34":0.895761016,"35":0.987306438,"36":0.982102165,"37":0.938787606,"38":0.94611433,"39":0.937884057,"40":0.925409906,"41":0.884451342,"42":0.982211521,"43":0.977356186,"44":0.934787119,"45":0.940358035,"46":0.933774031,"47":0.920164329,"48":0.879318519},"Power_loss":{"0":1.0,"1":1.010275264,"2":1.003049993,"3":1.014205651,"4":1.015603237,"5":1.028339314,"6":1.029553829,"7":1.025075102,"8":1.034129653,"9":1.027458046,"10":1.028611219,"11":1.029776311,"12":1.041254488,"13":1.041942674,"14":1.004769225,"15":1.023073238,"16":1.013511268,"17":1.017327077,"18":1.01799508,"19":1.028707999,"20":1.031116051,"21":1.016906665,"22":1.028576575,"23":1.017405105,"24":1.029624387,"25":1.029914885,"26":1.031154747,"27":1.043882322,"28":1.038102471,"29":1.040279063,"30":1.039183417,"31":1.0406928,"32":1.04115016,"33":1.042913332,"34":1.046178657,"35":1.031170321,"36":1.031575954,"37":1.031203534,"38":1.031319305,"39":1.031589541,"40":1.032027037,"41":1.044508768,"42":1.04360557,"43":1.043792058,"44":1.043811843,"45":1.044017162,"46":1.043970123,"47":1.044314017,"48":1.047471199},"TFI_burnt":{"0":1.0,"1":1.195242712,"2":1.183832723,"3":1.172504536,"4":1.386002119,"5":1.454358386,"6":1.508745868,"7":1.191389525,"8":1.236733504,"9":1.225687236,"10":1.217975597,"11":1.39556477,"12":1.463719017,"13":1.516464595,"14":1.165109461,"15":1.224240747,"16":1.216476775,"17":1.197192595,"18":1.384593881,"19":1.448784563,"20":1.50074748,"21":1.193772682,"22":1.23336796,"23":1.230782365,"24":1.219710023,"25":1.405360455,"26":1.448710831,"27":1.496030745,"28":1.417702767,"29":1.454103475,"30":1.444583192,"31":1.443002723,"32":1.657677431,"33":1.626335565,"34":1.695109618,"35":1.436024514,"36":1.476499651,"37":1.462812279,"38":1.450244255,"39":1.561704404,"40":1.646141746,"41":1.619510884,"42":1.769236766,"43":1.783508244,"44":1.779950153,"45":1.773161422,"46":1.880278225,"47":1.933466809,"48":1.844544734},"Edge_Treatment":{"0":"e0","1":"e0","2":"e0","3":"e0","4":"e0","5":"e0","6":"e0","7":"e1","8":"e1","9":"e1","10":"e1","11":"e1","12":"e1","13":"e1","14":"e2","15":"e2","16":"e2","17":"e2","18":"e2","19":"e2","20":"e2","21":"e3","22":"e3","23":"e3","24":"e3","25":"e3","26":"e3","27":"e3","28":"e5","29":"e5","30":"e5","31":"e5","32":"e5","33":"e5","34":"e5","35":"e10","36":"e10","37":"e10","38":"e10","39":"e10","40":"e10","41":"e10","42":"e15","43":"e15","44":"e15","45":"e15","46":"e15","47":"e15","48":"e15"},"Landscape_Treatment":{"0":"l0","1":"l1","2":"l2","3":"l3","4":"l5","5":"l10","6":"l15","7":"l0","8":"l1","9":"l2","10":"l3","11":"l5","12":"l10","13":"l15","14":"l0","15":"l1","16":"l2","17":"l3","18":"l5","19":"l10","20":"l15","21":"l0","22":"l1","23":"l2","24":"l3","25":"l5","26":"l10","27":"l15","28":"l0","29":"l1","30":"l2","31":"l3","32":"l5","33":"l10","34":"l15","35":"l0","36":"l1","37":"l2","38":"l3","39":"l5","40":"l10","41":"l15","42":"l0","43":"l1","44":"l2","45":"l3","46":"l5","47":"l10","48":"l15"},"total":{"0":116992.373899183,"1":603724.658523877,"2":814799.2063474749,"3":963252.5158460099,"4":1352032.16190564,"5":1392435.1514826899,"6":1538110.9159345301,"7":343269.787766166,"8":830078.1335132479,"9":1040936.1191321301,"10":1189517.60037027,"11":1578339.9011008099,"12":1618795.0743493901,"13":1764717.2152905001,"14":378666.435917375,"15":865355.5805884521,"16":1076822.18102376,"17":1224427.4861842101,"18":1613704.8300418099,"19":1654221.0882625801,"20":1800156.56647422,"21":414788.756326753,"22":901619.5691916581,"23":1112831.0678034499,"24":1261111.8717841001,"25":1650273.06397294,"26":1690570.44513125,"27":1837205.6016372801,"28":479453.904568274,"29":966158.467763175,"30":1177336.0664029701,"31":1325214.32602871,"32":1714505.93911546,"33":1754874.7504596601,"34":1901363.7741648599,"35":548542.751715709,"36":1035465.89634753,"37":1246636.8475179099,"38":1394811.33988208,"39":1784139.3821815499,"40":1824929.2973046801,"41":1971710.05803061,"42":589255.047830832,"43":1076102.83514385,"44":1287317.13544227,"45":1435424.9229261801,"46":1825017.67627065,"47":1865865.5606805501,"48":2013320.14540833},"House_loss_cost":{"0":0.0,"1":0.0,"2":0.0,"3":0.0,"4":0.0,"5":0.0,"6":0.0,"7":0.0,"8":0.0,"9":0.0,"10":0.0,"11":0.0,"12":0.0,"13":0.0,"14":0.0,"15":0.0,"16":0.0,"17":0.0,"18":0.0,"19":0.0,"20":0.0,"21":0.0,"22":0.0,"23":0.0,"24":0.0,"25":0.0,"26":0.0,"27":0.0,"28":0.0,"29":0.0,"30":0.0,"31":0.0,"32":0.0,"33":0.0,"34":0.0,"35":0.0,"36":0.0,"37":0.0,"38":0.0,"39":0.0,"40":0.0,"41":0.0,"42":0.0,"43":0.0,"44":0.0,"45":0.0,"46":0.0,"47":0.0,"48":0.0},"Carbon_cost":{"0":16045.5023157291,"1":15535.9026044693,"2":15150.5544190215,"3":14793.9675503223,"4":14149.7848678512,"5":13190.4516961387,"6":12016.0712685102,"7":15678.5714492624,"8":15164.0847345568,"9":14724.1093747243,"10":14415.6211534823,"11":13763.4913537821,"12":12847.571561034,"13":11740.5353840382,"14":15384.2363827893,"15":14839.2508593137,"16":14413.9642941338,"17":14061.0074834961,"18":13429.9308947494,"19":12527.3796230668,