{"Fire_area":{"0":1.0,"1":0.969639197,"2":0.946147246,"3":0.923607674,"4":0.884410201,"5":0.840784511,"6":0.822702228,"7":0.989883702,"8":0.956736352,"9":0.931816357,"10":0.910783773,"11":0.868320428,"12":0.828359037,"13":0.809503172,"14":0.978581993,"15":0.945389556,"16":0.923764978,"17":0.901816986,"18":0.860907929,"19":0.821011006,"20":0.801214287,"21":0.96682153,"22":0.932003643,"23":0.912009211,"24":0.890495033,"25":0.848647406,"26":0.808286323,"27":0.792636925,"28":0.951329699,"29":0.919594148,"30":0.896245846,"31":0.876615808,"32":0.834872397,"33":0.793830126,"34":0.779072575,"35":0.909334136,"36":0.87396363,"37":0.85286763,"38":0.834168797,"39":0.792500135,"40":0.756269499,"41":0.737835242,"42":0.881524278,"43":0.846185018,"44":0.8222988,"45":0.805483932,"46":0.764148847,"47":0.728744198,"48":0.712005193},"House_loss":{"0":1.0,"1":0.990921752,"2":0.987953679,"3":0.975316078,"4":0.974940057,"5":0.960999795,"6":0.949596985,"7":0.98026376,"8":0.960854458,"9":0.952138719,"10":0.948427335,"11":0.946219241,"12":0.934200326,"13":0.924860351,"14":0.957926865,"15":0.943416272,"16":0.946536998,"17":0.933039525,"18":0.936713993,"19":0.93097171,"20":0.911777679,"21":0.943780512,"22":0.933500393,"23":0.924290705,"24":0.91477409,"25":0.914153663,"26":0.915017428,"27":0.891041364,"28":0.90448184,"29":0.895358246,"30":0.87778301,"31":0.878234339,"32":0.865186517,"33":0.872254184,"34":0.862894398,"35":0.819158443,"36":0.811835431,"37":0.807252899,"38":0.79991718,"39":0.798859522,"40":0.802010376,"41":0.788419319,"42":0.790187876,"43":0.776465993,"44":0.770154125,"45":0.770196815,"46":0.761935536,"47":0.756182451,"48":0.756708443},"Life_loss":{"0":1.0,"1":0.999343925,"2":0.998974594,"3":1.0000188,"4":1.000227874,"5":1.001572654,"6":1.001349247,"7":0.999547007,"8":0.998919265,"9":0.998484513,"10":1.000511701,"11":1.000709553,"12":1.001212634,"13":1.001063209,"14":0.996709615,"15":0.997215289,"16":0.99491278,"17":0.998055909,"18":1.000714916,"19":0.999500205,"20":1.000052964,"21":0.988243938,"22":0.987956077,"23":0.986941547,"24":0.994964821,"25":0.994740727,"26":0.995467576,"27":0.994118099,"28":0.992569938,"29":0.989760121,"30":0.990508382,"31":0.997411505,"32":0.998034249,"33":0.998741143,"34":0.996492583,"35":0.994854992,"36":0.995804845,"37":0.995588378,"38":0.998639852,"39":0.997097873,"40":0.998554268,"41":0.996865436,"42":0.994329477,"43":0.995558994,"44":0.995539606,"45":0.996897319,"46":0.997199176,"47":0.996194618,"48":0.997446578},"Road_loss":{"0":1.0,"1":0.959600741,"2":0.918665786,"3":0.896919377,"4":0.863413282,"5":0.824530744,"6":0.823839529,"7":0.966502445,"8":0.926985704,"9":0.891676715,"10":0.863834682,"11":0.836222358,"12":0.796144957,"13":0.797620651,"14":0.945492284,"15":0.904740987,"16":0.867040613,"17":0.838581005,"18":0.816762101,"19":0.77751218,"20":0.777286198,"21":0.927160725,"22":0.883334902,"23":0.852697719,"24":0.826725885,"25":0.805784967,"26":0.768972862,"27":0.766143942,"28":0.897710108,"29":0.863378819,"30":0.82729014,"31":0.807931472,"32":0.787847309,"33":0.745009096,"34":0.747123926,"35":0.808540226,"36":0.774560189,"37":0.743246717,"38":0.726139619,"39":0.708574862,"40":0.668330692,"41":0.667875357,"42":0.768884954,"43":0.746179917,"44":0.71309167,"45":0.691666675,"46":0.676828848,"47":0.642929611,"48":0.643556974},"Power_loss":{"0":1.0,"1":0.910865575,"2":0.939030195,"3":0.863913185,"4":0.914999252,"5":0.902895776,"6":0.886683222,"7":0.98580324,"8":0.892868027,"9":0.926864364,"10":0.847802923,"11":0.896575737,"12":0.889180723,"13":0.868552214,"14":0.968344927,"15":0.877208844,"16":0.908225613,"17":0.83347014,"18":0.87778829,"19":0.867617644,"20":0.852198847,"21":0.956679524,"22":0.86712125,"23":0.899799558,"24":0.82573977,"25":0.865366151,"26":0.855794643,"27":0.837988498,"28":0.957788885,"29":0.866827814,"30":0.901754385,"31":0.824372605,"32":0.876719501,"33":0.862548807,"34":0.845418807,"35":0.890538359,"36":0.797937989,"37":0.836546712,"38":0.762513516,"39":0.799670954,"40":0.784914678,"41":0.772574243,"42":0.880135985,"43":0.786484154,"44":0.820790985,"45":0.750369536,"46":0.790968348,"47":0.774998011,"48":0.762645824},"TFI_burnt":{"0":1.0,"1":1.530249684,"2":2.034339092,"3":2.43096154,"4":2.955174805,"5":2.844514747,"6":2.49301342,"7":1.075934445,"8":1.679047348,"9":2.163441868,"10":2.557346947,"11":3.065541556,"12":2.965284072,"13":2.61138344,"14":1.234037669,"15":1.812546902,"16":2.290185009,"17":2.663284253,"18":3.181453037,"19":3.060863019,"20":2.71048459,"21":1.343043749,"22":1.89429815,"23":2.352444125,"24":2.712808082,"25":3.240334144,"26":3.122279288,"27":2.759836098,"28":1.498712589,"29":2.025758512,"30":2.489479848,"31":2.866566598,"32":3.364615858,"33":3.237613845,"34":2.881504912,"35":1.699805874,"36":2.195457949,"37":2.64253936,"38":3.01909202,"39":3.501142938,"40":3.358230244,"41":3.024492414,"42":1.725584003,"43":2.228023362,"44":2.662513952,"45":3.020329971,"46":3.469145647,"47":3.353336239,"48":3.010646094},"Edge_Treatment":{"0":"e0","1":"e0","2":"e0","3":"e0","4":"e0","5":"e0","6":"e0","7":"e1","8":"e1","9":"e1","10":"e1","11":"e1","12":"e1","13":"e1","14":"e2","15":"e2","16":"e2","17":"e2","18":"e2","19":"e2","20":"e2","21":"e3","22":"e3","23":"e3","24":"e3","25":"e3","26":"e3","27":"e3","28":"e5","29":"e5","30":"e5","31":"e5","32":"e5","33":"e5","34":"e5","35":"e10","36":"e10","37":"e10","38":"e10","39":"e10","40":"e10","41":"e10","42":"e15","43":"e15","44":"e15","45":"e15","46":"e15","47":"e15","48":"e15"},"Landscape_Treatment":{"0":"l0","1":"l1","2":"l2","3":"l3","4":"l5","5":"l10","6":"l15","7":"l0","8":"l1","9":"l2","10":"l3","11":"l5","12":"l10","13":"l15","14":"l0","15":"l1","16":"l2","17":"l3","18":"l5","19":"l10","20":"l15","21":"l0","22":"l1","23":"l2","24":"l3","25":"l5","26":"l10","27":"l15","28":"l0","29":"l1","30":"l2","31":"l3","32":"l5","33":"l10","34":"l15","35":"l0","36":"l1","37":"l2","38":"l3","39":"l5","40":"l10","41":"l15","42":"l0","43":"l1","44":"l2","45":"l3","46":"l5","47":"l10","48":"l15"},"total":{"0":1397509.52338762,"1":2593706.7893206398,"2":3365865.1759401001,"3":3933371.9922478101,"4":4720546.79367013,"5":5352429.5148291001,"6":5332224.5977874901,"7":1789867.15186067,"8":2982215.2586748502,"9":3752683.5268561901,"10":4322388.0621581497,"11":5105844.8983851196,"12":5742475.2526184702,"13":5721362.2323919404,"14":2069695.4773745299,"15":3262371.8259874,"16":4036320.2127432302,"17":4605013.3661335995,"18":5390817.6595465103,"19":6027725.3185317004,"20":6005174.2917218404,"21":2313266.7997522,"22":3504585.2444802602,"23":4280461.9347748403,"24":4849229.6734030498,"25":5633841.18025559,"26":6271294.1165419696,"27":6253411.3501732601,"28":2699763.98386613,"29":3894234.9621433499,"30":4665382.9112947704,"31":5237837.6288645901,"32":6021302.4806317603,"33":6657960.7040018803,"34":6641771.2733839797,"35":3152673.1833021501,"36":4344964.4126185998,"37":5119616.6965691997,"38":5692395.6777792601,"39":6477563.5967510203,"40":7119956.8373458805,"41":7100108.0958431102,"42":3548903.0393616301,"43":4740503.1749990098,"44":5512692.2847771104,"45":6087947.0861165496,"46":6873124.2674846696,"47":7515737.8954666397,"48":7499214.3670329498},"House_loss_cost":{"0":61763.6066927901,"1":60978.63878069,"2":60538.7180348393,"3":59322.7648196399,"4":59234.3991859811,"5":58157.9407726408,"6":57002.5242903912,"7":59843.8835153702,"8":58304.6268137718,"9":57571.8553065881,"10":57175.6696542944,"11":56704.2769430371,"12":55885.6296989087,"13":55050.833060072,"14":57994.5365646333,"15":56956.8751362099,"16":56869.134683465,"17":55691.663163738,"18":55958.3430959318,"19":55280.6184505289,"20":53929.1039164243,"21":57017.9750834247,"22":56165.3977321992,"23":55315.3723496168,"24":54155.8445310237,"25":54143.0152201493,"26":54070.9746475035,"27":52498.1573073776,"28":53404.6478067497,"29":52439.9692683997,"30":51086.1199096006,"31":50985.7215154352,"32":49598.2289014704,"33":50074.0859852406,"34":49448.0438743386,"35":45307.4476032274,"36":44730.4840553592,"37":44330.8123789748,