{"Fire_area":{"0":1.0,"1":0.785388883,"2":0.675274254,"3":0.586007658,"4":0.560847553,"5":0.504417486,"6":0.507187636},"House_loss":{"0":1.0,"1":1.019081035,"2":1.017971512,"3":1.021912276,"4":1.029478635,"5":1.035141569,"6":1.03643483},"Life_loss":{"0":1.0,"1":1.017746851,"2":1.016516575,"3":1.019862724,"4":1.026601335,"5":1.031294822,"6":1.032405474},"Road_loss":{"0":1.0,"1":1.01723837,"2":1.014612393,"3":1.014941981,"4":1.023005101,"5":1.025954542,"6":1.027124331},"Power_loss":{"0":1.0,"1":1.016076919,"2":1.014779858,"3":1.017477474,"4":1.023279203,"5":1.026940467,"6":1.027857652},"TFI_burnt":{"0":1.0,"1":1.052762676,"2":1.099862991,"3":1.147208959,"4":1.141262368,"5":1.074112629,"6":1.014623852},"Edge_Treatment":{"0":"e0","1":"e0","2":"e0","3":"e0","4":"e0","5":"e0","6":"e0"},"Landscape_Treatment":{"0":"l0","1":"l1","2":"l2","3":"l3","4":"l5","5":"l10","6":"l15"},"total":{"0":3208467.5850064098,"1":3856237.9091913602,"2":4136655.7316891602,"3":4243249.90871963,"4":4721474.18564492,"5":5746743.9103466095,"6":6700720.9572775802},"House_loss_cost":{"0":0.0,"1":0.0,"2":0.0,"3":0.0,"4":0.0,"5":0.0,"6":0.0},"Carbon_cost":{"0":2988247.9837144502,"1":2443477.1045927699,"2":2067840.73967512,"3":1750329.8045409999,"4":1604046.2098284999,"5":1350866.65638613,"6":1347069.6975027199},"Power_loss_cost":{"0":0.0,"1":0.0,"2":0.0,"3":0.0,"4":0.0,"5":0.0,"6":0.0},"Environmental_cost":{"0":220219.601291959,"1":245278.958598589,"2":266366.040014036,"3":285880.468178631,"4":290762.641816417,"5":259413.666960483,"6":235685.206774855},"Life_loss_cost":{"0":0.0,"1":0.0,"2":0.0,"3":0.0,"4":0.0,"5":0.0,"6":0.0},"Edge_cost":{"0":0.0,"1":0.0,"2":0.0,"3":0.0,"4":0.0,"5":0.0,"6":0.0},"Landscape_cost":{"0":0.0,"1":1167481.8459999999,"2":1802448.952,"3":2207039.6359999999,"4":2826665.3339999998,"5":4136463.5869999998,"6":5117966.0530000003},"region":{"0":"SA_MAM","1":"SA_MAM","2":"SA_MAM","3":"SA_MAM","4":"SA_MAM","5":"SA_MAM","6":"SA_MAM"}}