{"Fire_area":{"0":1.0,"1":0.857846977,"2":0.727868169,"3":0.638027683,"4":0.551217835,"5":0.450249005,"6":0.391266048,"7":0.994943122,"8":0.857640593,"9":0.720474507,"10":0.640450713,"11":0.544557857,"12":0.444360592,"13":0.388910161,"14":0.997837602,"15":0.860332703,"16":0.725793388,"17":0.641027151,"18":0.550554393,"19":0.449405557,"20":0.394261766,"21":0.986365045,"22":0.84567256,"23":0.712026772,"24":0.636744595,"25":0.539831559,"26":0.438236989,"27":0.390191402,"28":0.978468929,"29":0.838046797,"30":0.714804338,"31":0.623369116,"32":0.527990754,"33":0.430923464,"34":0.375639038,"35":0.958291095,"36":0.832878424,"37":0.703289505,"38":0.607748895,"39":0.520668875,"40":0.429160301,"41":0.371104214,"42":0.96648053,"43":0.831345324,"44":0.70068816,"45":0.60999286,"46":0.529110304,"47":0.435287089,"48":0.368896524},"House_loss":{"0":1.0,"1":0.936151041,"2":0.762703323,"3":0.85333826,"4":0.717170718,"5":0.651033678,"6":0.714574973,"7":0.961699646,"8":0.898977966,"9":0.744779635,"10":0.813695221,"11":0.722502485,"12":0.629910163,"13":0.662771296,"14":0.925600474,"15":0.828253034,"16":0.712532533,"17":0.780888631,"18":0.68133147,"19":0.619718077,"20":0.639110239,"21":0.905595542,"22":0.791981017,"23":0.690405111,"24":0.786473991,"25":0.711205653,"26":0.646298853,"27":0.61961875,"28":0.838443912,"29":0.699248204,"30":0.699485359,"31":0.61824797,"32":0.587135392,"33":0.56265556,"34":0.567173979,"35":0.347925524,"36":0.326937504,"37":0.323453187,"38":0.320564561,"39":0.302150498,"40":0.291630294,"41":0.284419246,"42":0.328828583,"43":0.330330392,"44":0.310959004,"45":0.302485613,"46":0.291513751,"47":0.281159839,"48":0.274630633},"Life_loss":{"0":1.0,"1":0.880715497,"2":0.731739474,"3":0.829388112,"4":0.707204554,"5":0.59945869,"6":0.665625137,"7":0.922692149,"8":0.856756585,"9":0.749531301,"10":0.804695569,"11":0.701158625,"12":0.557910338,"13":0.658865617,"14":0.950854699,"15":0.796327706,"16":0.68144325,"17":0.756513259,"18":0.701172111,"19":0.592749108,"20":0.597614681,"21":0.977805298,"22":0.732279319,"23":0.688246632,"24":0.741776887,"25":0.709565993,"26":0.628716121,"27":0.608351012,"28":0.846358458,"29":0.706625196,"30":0.69796965,"31":0.606904568,"32":0.581130698,"33":0.591759047,"34":0.552097675,"35":0.307321437,"36":0.2963039,"37":0.291893758,"38":0.287651531,"39":0.279976648,"40":0.277053244,"41":0.273890773,"42":0.330331451,"43":0.306887512,"44":0.301412023,"45":0.28961808,"46":0.283513078,"47":0.28207663,"48":0.275333666},"Road_loss":{"0":1.0,"1":0.830304604,"2":0.659704101,"3":0.554981876,"4":0.43751682,"5":0.348815632,"6":0.303811063,"7":0.995682995,"8":0.827477894,"9":0.654662193,"10":0.550871074,"11":0.433658866,"12":0.345514593,"13":0.301302373,"14":0.994237448,"15":0.824823157,"16":0.656313368,"17":0.548801596,"18":0.43094675,"19":0.343027378,"20":0.294721623,"21":0.983370984,"22":0.818122207,"23":0.647815515,"24":0.541288912,"25":0.424041098,"26":0.339141002,"27":0.29452521,"28":0.976808172,"29":0.806885482,"30":0.63721364,"31":0.530740482,"32":0.417366085,"33":0.328877774,"34":0.286618015,"35":0.964642463,"36":0.797032326,"37":0.63076587,"38":0.524817211,"39":0.407300895,"40":0.325937916,"41":0.283238526,"42":0.958787122,"43":0.792573563,"44":0.623299548,"45":0.522593288,"46":0.406825814,"47":0.321736061,"48":0.279896744},"Power_loss":{"0":1.0,"1":0.800169265,"2":0.670880479,"3":0.561559577,"4":0.512586055,"5":0.438744245,"6":0.409438005,"7":0.989469123,"8":0.786313048,"9":0.668240353,"10":0.551641005,"11":0.508989808,"12":0.435951759,"13":0.407199489,"14":0.998150169,"15":0.789113894,"16":0.660918679,"17":0.556258386,"18":0.503063451,"19":0.43221963,"20":0.403713196,"21":0.981467869,"22":0.780649637,"23":0.655486362,"24":0.547254282,"25":0.497244919,"26":0.425914114,"27":0.394722079,"28":0.98384983,"29":0.777274971,"30":0.648331447,"31":0.534043369,"32":0.495029465,"33":0.419045931,"34":0.387663841,"35":0.964781198,"36":0.765757675,"37":0.636560878,"38":0.532043825,"39":0.491430063,"40":0.413239771,"41":0.381819218,"42":0.962653966,"43":0.762285628,"44":0.632282776,"45":0.527005831,"46":0.488739159,"47":0.409074718,"48":0.375058841},"TFI_burnt":{"0":1.0,"1":1.658561809,"2":2.057091085,"3":2.167784192,"4":2.521477954,"5":2.448717891,"6":2.192200966,"7":1.059501031,"8":1.733214692,"9":2.165768287,"10":2.285071999,"11":2.586333885,"12":2.497023157,"13":2.270251587,"14":1.098801396,"15":1.777604655,"16":2.164073789,"17":2.264135876,"18":2.580858246,"19":2.49780267,"20":2.250015394,"21":1.181204082,"22":1.878941953,"23":2.27150347,"24":2.396468138,"25":2.664892238,"26":2.580723466,"27":2.339497806,"28":1.278975296,"29":1.960607046,"30":2.352962482,"31":2.431915853,"32":2.739603854,"33":2.626420479,"34":2.397620378,"35":1.389484724,"36":2.024123687,"37":2.382933429,"38":2.452635756,"39":2.750992575,"40":2.692211777,"41":2.395038445,"42":1.509681693,"43":2.134369939,"44":2.508025396,"45":2.524295406,"46":2.840972534,"47":2.744908354,"48":2.477734621},"Edge_Treatment":{"0":"e0","1":"e0","2":"e0","3":"e0","4":"e0","5":"e0","6":"e0","7":"e1","8":"e1","9":"e1","10":"e1","11":"e1","12":"e1","13":"e1","14":"e2","15":"e2","16":"e2","17":"e2","18":"e2","19":"e2","20":"e2","21":"e3","22":"e3","23":"e3","24":"e3","25":"e3","26":"e3","27":"e3","28":"e5","29":"e5","30":"e5","31":"e5","32":"e5","33":"e5","34":"e5","35":"e10","36":"e10","37":"e10","38":"e10","39":"e10","40":"e10","41":"e10","42":"e15","43":"e15","44":"e15","45":"e15","46":"e15","47":"e15","48":"e15"},"Landscape_Treatment":{"0":"l0","1":"l1","2":"l2","3":"l3","4":"l5","5":"l10","6":"l15","7":"l0","8":"l1","9":"l2","10":"l3","11":"l5","12":"l10","13":"l15","14":"l0","15":"l1","16":"l2","17":"l3","18":"l5","19":"l10","20":"l15","21":"l0","22":"l1","23":"l2","24":"l3","25":"l5","26":"l10","27":"l15","28":"l0","29":"l1","30":"l2","31":"l3","32":"l5","33":"l10","34":"l15","35":"l0","36":"l1","37":"l2","38":"l3","39":"l5","40":"l10","41":"l15","42":"l0","43":"l1","44":"l2","45":"l3","46":"l5","47":"l10","48":"l15"},"total":{"0":3217624.1275069099,"1":4098947.9186071702,"2":4510236.1972617498,"3":5496704.3860549796,"4":6473686.5878366996,"5":6995822.03404608,"6":7626084.0777043505,"7":3380531.6088745999,"8":4355645.8972557597,"9":4820429.0143893901,"10":5736212.1515921801,"11":6766254.1446708897,"12":7230680.4981974801,"13":7873480.6183083598,"14":3576580.0229049199,"15":4387183.9167698901,"16":4885788.4772247802,"17":5835759.6945971996,"18":6922032.1180588296,"19":7445778.8091604402,"20":7960267.5570246698,"21":3765583.9895371199,"22":4439036.8453013096,"23":5048469.0203343099,"24":5979967.26520075,"25":7124337.3474429902,"26":7678708.5016142502,"27":8123139.2726342501,"28":3758097.1310115801,"29":4577386.2778702201,"30":5323437.1338665904,"31":5890952.48410179,"32":7094873.6613927102,"33":7814397.4230259797,"34":8238249.42948463,"35":2763903.2439494701,"36":3871521.54991628,"37":4635671.0793701699,"38":5387358.8193818498,"39":6631650.1205900898,"40":7350524.7069807099,"41":7823899.7818995202,"42":2895278.29522003,"43":4006061.3518605698,"44":4749237.6349760704,"45":5488625.1146217398,"46":6740185.7971238503,"47":7460168.8985380698,"48":7923718.6642312901},"House_loss_cost":{"0":702551.764098329,"1":651710.80889859,"2":529614.145567287,"3":597571.049084021,"4":495092.442701579,"5":448016.252819405,"6":494052.677584325,"7":673711.1379393931,"8":627254.674139195,"9":517000.786955759,"10":570372.555423592,"11":499991.884723974,"12":430967.193800107,"13":459713.457100662,"14":652657.973701911,"15":574272.389438472,"16":489815.315089444,"17":546918.559200443,"18":471769.849368991,"19":421835.128121198,"20":444616.058571108,"21":634335.96118987,"22":547383.08585273,"23":472375.864498244,"24":551239.492906305,"25":496181.341432546,"26":450953.306954193,"27":429504.026477539,"28":585254.604619397,"29":481126.954722067,"30":486148.044674596,"31":425062.810805665,"32":403722.221145793,"33":391393.663299467,"34":390459.754898627,"35":225466.702282768,"36":212283.833135544,"37":210046.726290484,