{"Fire_area":{"0":1.0,"1":1.0029332873,"2":1.0061793938,"3":1.0070299006,"4":1.0127786433,"5":1.0072790181,"6":1.0078964001,"7":0.9999986651,"8":0.9972821912,"9":0.9951295994,"10":0.9931045041,"11":0.9886884766,"12":0.9925900927,"13":0.9936119122,"14":1.0030080597,"15":0.993764231,"16":0.9899507223,"17":0.9914065562,"18":0.990374081,"19":0.9883543653,"20":0.9906595506,"21":0.9985857366,"22":0.9895886784,"23":0.9897775679,"24":0.985967313,"25":0.9844660191,"26":0.9857508764,"27":0.9892152767,"28":0.9952654151,"29":0.9926532084,"30":0.9863235527,"31":0.9847335039,"32":0.9870733391,"33":0.9866196954,"34":0.9905674867,"35":0.9865177447,"36":0.9754498535,"37":0.9762362258,"38":0.9761070181,"39":0.9747997394,"40":0.9744460766,"41":0.976642693,"42":0.9877067837,"43":0.9738658,"44":0.9718843366,"45":0.9726307439,"46":0.9748773263,"47":0.9700955971,"48":0.9711542328},"House_loss":{"0":1.0,"1":1.0091171593,"2":1.0172267048,"3":1.0127302167,"4":1.0140317881,"5":1.0080994534,"6":1.0204439032,"7":0.9817755281,"8":0.9718225997,"9":0.9682944286,"10":0.951960114,"11":0.9518005612,"12":0.9614214131,"13":0.9631554506,"14":0.9872693262,"15":0.9554373154,"16":0.9544976183,"17":0.9454656649,"18":0.9536024913,"19":0.9448100991,"20":0.9536340043,"21":0.9698261995,"22":0.9428127683,"23":0.9355713004,"24":0.9311710578,"25":0.9329458104,"26":0.933132782,"27":0.9346897418,"28":0.9475211867,"29":0.921611421,"30":0.9195288346,"31":0.9196949004,"32":0.9145956381,"33":0.9130966249,"34":0.9181893829,"35":0.8824979405,"36":0.8664326145,"37":0.8624518791,"38":0.8659648042,"39":0.8594191,"40":0.8629758546,"41":0.8651225765,"42":0.8826060529,"43":0.8614758873,"44":0.8561591782,"45":0.8506602886,"46":0.8474135921,"47":0.849209394,"48":0.8527449363},"Life_loss":{"0":1.0,"1":0.9861099282,"2":0.9903382832,"3":1.0002013541,"4":0.9754077133,"5":0.9838218787,"6":0.9995787823,"7":0.970688683,"8":0.9381909834,"9":0.9206513905,"10":0.9260234363,"11":0.9122516585,"12":0.9222628373,"13":0.9353076579,"14":0.9613077583,"15":0.918950726,"16":0.9123395348,"17":0.9145486217,"18":0.9028263133,"19":0.9044334937,"20":0.9009076719,"21":0.9466252699,"22":0.8872930334,"23":0.8833732353,"24":0.8631381467,"25":0.8696010889,"26":0.886593227,"27":0.880200957,"28":0.8764343613,"29":0.8551219674,"30":0.8553730888,"31":0.8337460591,"32":0.8540044447,"33":0.8347896172,"34":0.8423401989,"35":0.8211068631,"36":0.8009866879,"37":0.7930150732,"38":0.7830515672,"39":0.7914677229,"40":0.7911358945,"41":0.7919506958,"42":0.799075773,"43":0.7720584297,"44":0.7713028903,"45":0.7699875307,"46":0.7692558867,"47":0.768094009,"48":0.7660372325},"Road_loss":{"0":1.0,"1":1.0195690328,"2":1.0175377566,"3":1.017974714,"4":1.0257472656,"5":1.0203000905,"6":1.0177136699,"7":1.0173738104,"8":0.9867664173,"9":0.9853377962,"10":0.983759516,"11":0.9813005143,"12":0.9838191469,"13":0.9872555533,"14":1.0103752401,"15":0.9852336978,"16":0.9795226797,"17":0.9809420599,"18":0.9808552741,"19":0.9770637721,"20":0.978319279,"21":1.0089011437,"22":0.9803178129,"23":0.9809782739,"24":0.9767542064,"25":0.9763725385,"26":0.9763457757,"27":0.9769246259,"28":0.9979345085,"29":0.9762253568,"30":0.9717750548,"31":0.9708970112,"32":0.9684769733,"33":0.966449733,"34":0.9716860452,"35":0.983113545,"36":0.9598269594,"37":0.9566638644,"38":0.9552814266,"39":0.9542278897,"40":0.9532441722,"41":0.9557858708,"42":0.9778036899,"43":0.951940142,"44":0.9493517507,"45":0.948546033,"46":0.9497365903,"47":0.9466724544,"48":0.9468839718},"Power_loss":{"0":1.0,"1":1.0092250348,"2":1.0137363367,"3":1.0113402119,"4":1.0148848092,"5":1.0111570136,"6":1.0136988866,"7":1.0094920046,"8":0.9852816354,"9":0.9842160831,"10":0.9800121333,"11":0.9760077108,"12":0.9823838969,"13":0.9795829688,"14":1.0035446215,"15":0.978362623,"16":0.9757071425,"17":0.9709565985,"18":0.972957555,"19":0.9737891124,"20":0.9740679029,"21":0.9949400693,"22":0.9696668478,"23":0.9688559755,"24":0.9629981461,"25":0.9687061208,"26":0.9664886825,"27":0.9644906486,"28":0.9862776238,"29":0.9656951465,"30":0.9655787021,"31":0.961842017,"32":0.9614215536,"33":0.9575229633,"34":0.9601215367,"35":0.9702040219,"36":0.944791569,"37":0.9440036131,"38":0.9380706344,"39":0.9395437185,"40":0.9392697149,"41":0.9448905829,"42":0.9589611784,"43":0.9379708872,"44":0.9357299847,"45":0.9328884058,"46":0.9308083303,"47":0.9297844076,"48":0.9289157236},"TFI_burnt":{"0":1.0,"1":0.897856691,"2":0.90157987,"3":0.8958703306,"4":0.9005474253,"5":0.8962526591,"6":0.8994686983,"7":0.8941049,"8":1.0004044146,"9":0.9989124543,"10":0.9992562962,"11":0.9972090876,"12":1.0005286688,"13":1.0006339194,"14":0.8999198555,"15":1.0000267983,"16":1.000151875,"17":0.9995248585,"18":0.9997561347,"19":1.0025182946,"20":1.0012513067,"21":0.8970580128,"22":0.9991484774,"23":0.9999565994,"24":0.999866718,"25":0.9985664513,"26":0.9974542184,"27":0.9995844696,"28":0.8979079309,"29":0.9989981641,"30":0.9994860752,"31":0.9987238306,"32":1.0006382767,"33":1.0006308235,"34":0.999705201,"35":0.8958351299,"36":0.9994996892,"37":0.9985178082,"38":0.9991766016,"39":0.9985911169,"40":0.9986574693,"41":0.9999466372,"42":0.8982473699,"43":0.9989773637,"44":0.997985901,"45":1.00038814,"46":0.9979483775,"47":0.9987015567,"48":0.9993862129},"Edge_Treatment":{"0":"e0","1":"e0","2":"e0","3":"e0","4":"e0","5":"e0","6":"e0","7":"e1","8":"e1","9":"e1","10":"e1","11":"e1","12":"e1","13":"e1","14":"e2","15":"e2","16":"e2","17":"e2","18":"e2","19":"e2","20":"e2","21":"e3","22":"e3","23":"e3","24":"e3","25":"e3","26":"e3","27":"e3","28":"e5","29":"e5","30":"e5","31":"e5","32":"e5","33":"e5","34":"e5","35":"e10","36":"e10","37":"e10","38":"e10","39":"e10","40":"e10","41":"e10","42":"e15","43":"e15","44":"e15","45":"e15","46":"e15","47":"e15","48":"e15"},"Landscape_Treatment":{"0":"l0","1":"l1","2":"l2","3":"l3","4":"l5","5":"l10","6":"l15","7":"l0","8":"l1","9":"l2","10":"l3","11":"l5","12":"l10","13":"l15","14":"l0","15":"l1","16":"l2","17":"l3","18":"l5","19":"l10","20":"l15","21":"l0","22":"l1","23":"l2","24":"l3","25":"l5","26":"l10","27":"l15","28":"l0","29":"l1","30":"l2","31":"l3","32":"l5","33":"l10","34":"l15","35":"l0","36":"l1","37":"l2","38":"l3","39":"l5","40":"l10","41":"l15","42":"l0","43":"l1","44":"l2","45":"l3","46":"l5","47":"l10","48":"l15"},"total":{"0":16552440.6192492004,"1":16928130.1137696989,"2":17285396.7107678019,"3":17468012.8405533992,"4":17738274.7611863017,"5":17847883.4369391017,"6":18147198.5045087002,"7":16740096.7914649006,"8":16855254.6118950993,"9":17023425.6072243005,"10":17143034.8573499992,"11":17342266.5852666013,"12":17579125.253796,"13":17905017.7406996004,"14":16978033.392398499,"15":16913951.8170025013,"16":17131609.2844346017,"17":17287472.8247688003,"18":17543650.554471001,"19":17674828.5738605,"20":17981682.822599899,"21":17102724.9156769998,"22":17000549.118875999,"23":17217652.7701526992,"24":17293377.6049951017,"25":17606991.3764556013,"26":17776906.7405638993,"27":18039758.1772590987,"28":17006734.6368522011,"29":17119323.1182944998,"30":17304629.0178566016,"31":17449231.064790301,"32":17731019.5349022001,"33":17815518.4921763018,"34":18132837.4757574014,"35":16854704.2749347985,"36":16934279.7927853018,"37":17137139.2466324009,"38":17343377.4694962017,"39":17573481.0726591982,"40":17732167.8357541002,"41":18012909.1243375987,"42":16884831.0089605004,"43":16901994.5670541003,"44":17104377.7819293998,"45":17301355.4760116003,"46":17571636.9449235983,"47":17663855.4666217007,"48":17915011.2352760993},"House_loss_cost":{"0":4144214.09588562,"1":4188610.9275986701,"2":4208726.9776890399,"3":4208320.9859970501,"4":4204645.0050068004,"5":4184638.3243515701,"6":4233569.4880194496,"7":4102299.2714182199,"8":4046029.8554126802,"9":4032251.32960136,"10":3973186.5426502102,"11":3970531.3266988001,"12":3994287.2314338,"13":4013335.2271459098,"14":4107461.3982004202,"15":3980424.4578018002,"16":3977385.72805594,"17":3948329.8905797098,"18":3975776.8054068601,"19":3942400.4069243502,"20":3976171.4245857699,"21":4048164.2387788398,