{"Fire_area":{"0":1.0,"1":1.002933287,"2":1.006179394,"3":1.007029901,"4":1.012778643,"5":1.007279018,"6":1.0078964,"7":0.999998665,"8":0.997282191,"9":0.995129599,"10":0.993104504,"11":0.988688477,"12":0.992590093,"13":0.993611912,"14":1.00300806,"15":0.993764231,"16":0.989950722,"17":0.991406556,"18":0.990374081,"19":0.988354365,"20":0.990659551,"21":0.998585737,"22":0.989588678,"23":0.989777568,"24":0.985967313,"25":0.984466019,"26":0.985750876,"27":0.989215277,"28":0.995265415,"29":0.992653208,"30":0.986323553,"31":0.984733504,"32":0.987073339,"33":0.986619695,"34":0.990567487,"35":0.986517745,"36":0.975449853,"37":0.976236226,"38":0.976107018,"39":0.974799739,"40":0.974446077,"41":0.976642693,"42":0.987706784,"43":0.9738658,"44":0.971884337,"45":0.972630744,"46":0.974877326,"47":0.970095597,"48":0.971154233},"House_loss":{"0":1.0,"1":1.009117159,"2":1.017226705,"3":1.012730217,"4":1.014031788,"5":1.008099453,"6":1.020443903,"7":0.981775528,"8":0.9718226,"9":0.968294429,"10":0.951960114,"11":0.951800561,"12":0.961421413,"13":0.963155451,"14":0.987269326,"15":0.955437315,"16":0.954497618,"17":0.945465665,"18":0.953602491,"19":0.944810099,"20":0.953634004,"21":0.9698262,"22":0.942812768,"23":0.9355713,"24":0.931171058,"25":0.93294581,"26":0.933132782,"27":0.934689742,"28":0.947521187,"29":0.921611421,"30":0.919528835,"31":0.9196949,"32":0.914595638,"33":0.913096625,"34":0.918189383,"35":0.882497941,"36":0.866432615,"37":0.862451879,"38":0.865964804,"39":0.8594191,"40":0.862975855,"41":0.865122577,"42":0.882606053,"43":0.861475887,"44":0.856159178,"45":0.850660289,"46":0.847413592,"47":0.849209394,"48":0.852744936},"Life_loss":{"0":1.0,"1":0.986109928,"2":0.990338283,"3":1.000201354,"4":0.975407713,"5":0.983821879,"6":0.999578782,"7":0.970688683,"8":0.938190983,"9":0.92065139,"10":0.926023436,"11":0.912251659,"12":0.922262837,"13":0.935307658,"14":0.961307758,"15":0.918950726,"16":0.912339535,"17":0.914548622,"18":0.902826313,"19":0.904433494,"20":0.900907672,"21":0.94662527,"22":0.887293033,"23":0.883373235,"24":0.863138147,"25":0.869601089,"26":0.886593227,"27":0.880200957,"28":0.876434361,"29":0.855121967,"30":0.855373089,"31":0.833746059,"32":0.854004445,"33":0.834789617,"34":0.842340199,"35":0.821106863,"36":0.800986688,"37":0.793015073,"38":0.783051567,"39":0.791467723,"40":0.791135894,"41":0.791950696,"42":0.799075773,"43":0.77205843,"44":0.77130289,"45":0.769987531,"46":0.769255887,"47":0.768094009,"48":0.766037233},"Road_loss":{"0":1.0,"1":1.019569033,"2":1.017537757,"3":1.017974714,"4":1.025747266,"5":1.020300091,"6":1.01771367,"7":1.01737381,"8":0.986766417,"9":0.985337796,"10":0.983759516,"11":0.981300514,"12":0.983819147,"13":0.987255553,"14":1.01037524,"15":0.985233698,"16":0.97952268,"17":0.98094206,"18":0.980855274,"19":0.977063772,"20":0.978319279,"21":1.008901144,"22":0.980317813,"23":0.980978274,"24":0.976754206,"25":0.976372539,"26":0.976345776,"27":0.976924626,"28":0.997934509,"29":0.976225357,"30":0.971775055,"31":0.970897011,"32":0.968476973,"33":0.966449733,"34":0.971686045,"35":0.983113545,"36":0.959826959,"37":0.956663864,"38":0.955281427,"39":0.95422789,"40":0.953244172,"41":0.955785871,"42":0.97780369,"43":0.951940142,"44":0.949351751,"45":0.948546033,"46":0.94973659,"47":0.946672454,"48":0.946883972},"Power_loss":{"0":1.0,"1":1.009225035,"2":1.013736337,"3":1.011340212,"4":1.014884809,"5":1.011157014,"6":1.013698887,"7":1.009492005,"8":0.985281635,"9":0.984216083,"10":0.980012133,"11":0.976007711,"12":0.982383897,"13":0.979582969,"14":1.003544622,"15":0.978362623,"16":0.975707142,"17":0.970956599,"18":0.972957555,"19":0.973789112,"20":0.974067903,"21":0.994940069,"22":0.969666848,"23":0.968855976,"24":0.962998146,"25":0.968706121,"26":0.966488683,"27":0.964490649,"28":0.986277624,"29":0.965695146,"30":0.965578702,"31":0.961842017,"32":0.961421554,"33":0.957522963,"34":0.960121537,"35":0.970204022,"36":0.944791569,"37":0.944003613,"38":0.938070634,"39":0.939543718,"40":0.939269715,"41":0.944890583,"42":0.958961178,"43":0.937970887,"44":0.935729985,"45":0.932888406,"46":0.93080833,"47":0.929784408,"48":0.928915724},"TFI_burnt":{"0":1.0,"1":1.113763488,"2":1.109164072,"3":1.11623297,"4":1.110435688,"5":1.115756801,"6":1.111767427,"7":1.118436998,"8":0.999595749,"9":1.00108873,"10":1.000744257,"11":1.002798723,"12":0.999471611,"13":0.999366482,"14":1.111210064,"15":0.999973202,"16":0.999848148,"17":1.000475367,"18":1.000243925,"19":0.997488031,"20":0.998750257,"21":1.114755106,"22":1.000852248,"23":1.000043402,"24":1.0001333,"25":1.001435607,"26":1.002552279,"27":1.000415703,"28":1.11369993,"29":1.001002841,"30":1.000514189,"31":1.0012778,"32":0.99936213,"33":0.999369574,"34":1.000294886,"35":1.116276831,"36":1.000500561,"37":1.001484392,"38":1.000824077,"39":1.001410871,"40":1.001344336,"41":1.000053366,"42":1.113279074,"43":1.001023683,"44":1.002018164,"45":0.999612011,"46":1.00205584,"47":1.001300131,"48":1.000614164},"Edge_Treatment":{"0":"e0","1":"e0","2":"e0","3":"e0","4":"e0","5":"e0","6":"e0","7":"e1","8":"e1","9":"e1","10":"e1","11":"e1","12":"e1","13":"e1","14":"e2","15":"e2","16":"e2","17":"e2","18":"e2","19":"e2","20":"e2","21":"e3","22":"e3","23":"e3","24":"e3","25":"e3","26":"e3","27":"e3","28":"e5","29":"e5","30":"e5","31":"e5","32":"e5","33":"e5","34":"e5","35":"e10","36":"e10","37":"e10","38":"e10","39":"e10","40":"e10","41":"e10","42":"e15","43":"e15","44":"e15","45":"e15","46":"e15","47":"e15","48":"e15"},"Landscape_Treatment":{"0":"l0","1":"l1","2":"l2","3":"l3","4":"l5","5":"l10","6":"l15","7":"l0","8":"l1","9":"l2","10":"l3","11":"l5","12":"l10","13":"l15","14":"l0","15":"l1","16":"l2","17":"l3","18":"l5","19":"l10","20":"l15","21":"l0","22":"l1","23":"l2","24":"l3","25":"l5","26":"l10","27":"l15","28":"l0","29":"l1","30":"l2","31":"l3","32":"l5","33":"l10","34":"l15","35":"l0","36":"l1","37":"l2","38":"l3","39":"l5","40":"l10","41":"l15","42":"l0","43":"l1","44":"l2","45":"l3","46":"l5","47":"l10","48":"l15"},"total":{"0":16552440.6192492004,"1":16928130.1137696989,"2":17285396.7107678019,"3":17468012.8405533992,"4":17738274.7611863017,"5":17847883.4369391017,"6":18147198.5045087002,"7":16740096.7914649006,"8":16855254.6118950993,"9":17023425.6072243005,"10":17143034.8573499992,"11":17342266.5852666013,"12":17579125.253796,"13":17905017.7406996004,"14":16978033.392398499,"15":16913951.8170025013,"16":17131609.2844346017,"17":17287472.8247688003,"18":17543650.554471001,"19":17674828.5738605,"20":17981682.822599899,"21":17102724.9156769998,"22":17000549.118875999,"23":17217652.7701526992,"24":17293377.6049951017,"25":17606991.3764556013,"26":17776906.7405638993,"27":18039758.1772590987,"28":17006734.6368522011,"29":17119323.1182944998,"30":17304629.0178566016,"31":17449231.064790301,"32":17731019.5349022001,"33":17815518.4921763018,"34":18132837.4757574014,"35":16854704.2749347985,"36":16934279.7927853018,"37":17137139.2466324009,"38":17343377.4694962017,"39":17573481.0726591982,"40":17732167.8357541002,"41":18012909.1243375987,"42":16884831.0089605004,"43":16901994.5670541003,"44":17104377.7819293998,"45":17301355.4760116003,"46":17571636.9449235983,"47":17663855.4666217007,"48":17915011.2352760993},"House_loss_cost":{"0":4144214.09588562,"1":4188610.9275986701,"2":4208726.9776890399,"3":4208320.9859970501,"4":4204645.0050068004,"5":4184638.3243515701,"6":4233569.4880194496,"7":4102299.2714182199,"8":4046029.8554126802,"9":4032251.32960136,"10":3973186.5426502102,"11":3970531.3266988001,"12":3994287.2314338,"13":4013335.2271459098,"14":4107461.3982004202,"15":3980424.4578018002,"16":3977385.72805594,"17":3948329.8905797098,"18":3975776.8054068601,"19":3942400.4069243502,"20":3976171.4245857699,"21":4048164.2387788398,"22":3932499.4474777398,"23":3918051.8522731601,"24":3890843.3131273198,"25":3902015.6889873799,"26":3904366.49951876,"27":3903910.2565294602,"28":3957108.07092709,"29":3856108.1391489198,"30":3845363.3920789198,"31":3844973.7914281902,"32":3831694.6287380899,"33":3824599.12026016,