{"Fire_area":{"0":1.0,"1":0.963168268,"2":0.942180262,"3":0.930126465,"4":0.900890447,"5":0.855149699,"6":0.802028455,"7":0.97235238,"8":0.940440677,"9":0.919812216,"10":0.908688653,"11":0.879792382,"12":0.831231084,"13":0.786151127,"14":0.95137333,"15":0.918484548,"16":0.902044894,"17":0.886528688,"18":0.8597272,"19":0.812605737,"20":0.768315326,"21":0.938048351,"22":0.906932388,"23":0.888059015,"24":0.877444543,"25":0.848973597,"26":0.801095626,"27":0.759967931,"28":0.935994548,"29":0.904174877,"30":0.884949509,"31":0.871966998,"32":0.844549171,"33":0.795592506,"34":0.755848795,"35":0.889063778,"36":0.858141061,"37":0.838742273,"38":0.827091435,"39":0.800503631,"40":0.753885085,"41":0.717185047,"42":0.866117389,"43":0.834970793,"44":0.816189233,"45":0.803067467,"46":0.779122084,"47":0.734921995,"48":0.69973051},"House_loss":{"0":1.0,"1":1.005083619,"2":1.001975876,"3":1.007185819,"4":1.008356724,"5":1.014846047,"6":1.015873839,"7":1.021308883,"8":1.020041646,"9":1.016828362,"10":1.017897881,"11":1.018973268,"12":1.02459674,"13":1.024604971,"14":1.010030807,"15":1.012002852,"16":1.007699593,"17":1.009437571,"18":1.010408557,"19":1.015945966,"20":1.016848492,"21":1.015759413,"22":1.014931377,"23":1.009963488,"24":1.015690791,"25":1.016084841,"26":1.016975061,"27":1.026357702,"28":1.023890383,"29":1.024033496,"30":1.023223635,"31":1.02412502,"32":1.024676691,"33":1.025924857,"34":1.028648818,"35":1.017488753,"36":1.017559658,"37":1.017337327,"38":1.017372779,"39":1.017560391,"40":1.017859902,"41":1.027106846,"42":1.026867156,"43":1.02670872,"44":1.02657498,"45":1.026780114,"46":1.026789568,"47":1.026977588,"48":1.029820049},"Life_loss":{"0":1.0,"1":1.004956818,"2":1.00174388,"3":1.006874747,"4":1.007923404,"5":1.014167468,"6":1.015060517,"7":1.021156009,"8":1.020022188,"9":1.016710983,"10":1.017664529,"11":1.018599634,"12":1.024079325,"13":1.024067275,"14":1.009389793,"15":1.011598395,"16":1.007276384,"17":1.008867648,"18":1.009714678,"19":1.015120771,"20":1.01590965,"21":1.014976485,"22":1.014243978,"23":1.009325738,"24":1.014915504,"25":1.015253814,"26":1.01602304,"27":1.025610983,"28":1.023449371,"29":1.02358848,"30":1.022869398,"31":1.023669438,"32":1.024147101,"33":1.025236844,"34":1.027765639,"35":1.016461234,"36":1.016525289,"37":1.016333124,"38":1.016361755,"39":1.016523914,"40":1.016782237,"41":1.026253312,"42":1.026047236,"43":1.025910957,"44":1.025796597,"45":1.025973233,"46":1.025980269,"47":1.026142105,"48":1.028776123},"Road_loss":{"0":1.0,"1":0.993959355,"2":0.947145287,"3":0.958331428,"4":0.946737201,"5":0.935060263,"6":0.894288743,"7":0.993088755,"8":0.994821041,"9":0.950752817,"10":0.959052205,"11":0.946760806,"12":0.926439536,"13":0.902602485,"14":0.981422688,"15":0.983752848,"16":0.940401126,"17":0.946552259,"18":0.935699457,"19":0.917098479,"20":0.893324809,"21":0.978681639,"22":0.982526783,"23":0.938508617,"24":0.946736249,"25":0.935010173,"26":0.916447495,"27":0.894516538,"28":0.991864364,"29":0.993358126,"30":0.951660923,"31":0.958609302,"32":0.946627839,"33":0.927254455,"34":0.903073526,"35":0.980387411,"36":0.982118333,"37":0.940001956,"38":0.947638614,"39":0.93501346,"40":0.916310311,"41":0.893855962,"42":0.977136518,"43":0.978780307,"44":0.936605092,"45":0.943613073,"46":0.932043064,"47":0.912448896,"48":0.890279385},"Power_loss":{"0":1.0,"1":1.004799153,"2":1.0014954,"3":1.006503055,"4":1.007417805,"5":1.013366323,"6":1.01411935,"7":1.020855177,"8":1.019869458,"9":1.016477114,"10":1.017303272,"11":1.018092825,"12":1.023385719,"13":1.023357924,"14":1.008665454,"15":1.011106122,"16":1.006799988,"17":1.008219293,"18":1.008936674,"19":1.014168291,"20":1.014837853,"21":1.014062078,"22":1.013432727,"23":1.008606419,"24":1.014009692,"25":1.014291246,"26":1.014936617,"27":1.024679024,"28":1.022839272,"29":1.022970076,"30":1.022349616,"31":1.023039844,"32":1.023441309,"33":1.02436527,"34":1.026654548,"35":1.015299393,"36":1.015354983,"37":1.015193901,"38":1.015216169,"39":1.01535218,"40":1.015568612,"41":1.025213536,"42":1.025041801,"43":1.024927817,"44":1.024832578,"45":1.024980363,"46":1.02498549,"47":1.02512062,"48":1.027500892},"TFI_burnt":{"0":1.0,"1":1.005037451,"2":1.001958013,"3":1.007120641,"4":1.008280912,"5":1.014711302,"6":1.01572976,"7":1.021115445,"8":1.019859717,"9":1.016675614,"10":1.01773542,"11":1.01880096,"12":1.024373443,"13":1.024381599,"14":1.009939711,"15":1.011893928,"16":1.007629587,"17":1.009351863,"18":1.010314031,"19":1.015801232,"20":1.016695562,"21":1.015616373,"22":1.014795857,"23":1.009873085,"24":1.015548293,"25":1.015938846,"26":1.0168209,"27":1.026118412,"28":1.023673501,"29":1.023815233,"30":1.023012808,"31":1.023905926,"32":1.024452668,"33":1.025689499,"34":1.028388722,"35":1.017329927,"36":1.017400268,"37":1.017179957,"38":1.017215087,"39":1.017400995,"40":1.017697786,"41":1.026860753,"42":1.02662324,"43":1.026466243,"44":1.026333717,"45":1.026536827,"46":1.026546195,"47":1.026732669,"48":1.029549316},"Edge_Treatment":{"0":"e0","1":"e0","2":"e0","3":"e0","4":"e0","5":"e0","6":"e0","7":"e1","8":"e1","9":"e1","10":"e1","11":"e1","12":"e1","13":"e1","14":"e2","15":"e2","16":"e2","17":"e2","18":"e2","19":"e2","20":"e2","21":"e3","22":"e3","23":"e3","24":"e3","25":"e3","26":"e3","27":"e3","28":"e5","29":"e5","30":"e5","31":"e5","32":"e5","33":"e5","34":"e5","35":"e10","36":"e10","37":"e10","38":"e10","39":"e10","40":"e10","41":"e10","42":"e15","43":"e15","44":"e15","45":"e15","46":"e15","47":"e15","48":"e15"},"Landscape_Treatment":{"0":"l0","1":"l1","2":"l2","3":"l3","4":"l5","5":"l10","6":"l15","7":"l0","8":"l1","9":"l2","10":"l3","11":"l5","12":"l10","13":"l15","14":"l0","15":"l1","16":"l2","17":"l3","18":"l5","19":"l10","20":"l15","21":"l0","22":"l1","23":"l2","24":"l3","25":"l5","26":"l10","27":"l15","28":"l0","29":"l1","30":"l2","31":"l3","32":"l5","33":"l10","34":"l15","35":"l0","36":"l1","37":"l2","38":"l3","39":"l5","40":"l10","41":"l15","42":"l0","43":"l1","44":"l2","45":"l3","46":"l5","47":"l10","48":"l15"},"total":{"0":425353.212118911,"1":1878378.97649314,"2":2442519.9579021898,"3":3660311.5970406099,"4":4906062.1825485397,"5":5824343.5050755804,"6":8095992.5837416798,"7":1132229.2175078499,"8":2587532.0544823101,"9":3151704.2844174202,"10":4370160.9797295099,"11":5615611.3112187302,"12":6532812.5311441002,"13":8808102.4927067105,"14":1523819.48834562,"15":2978887.1900520101,"16":3544457.6366000399,"17":4761215.2163245399,"18":6007514.38989441,"19":6925349.6019057296,"20":9201101.8696556799,"21":1871656.3220905301,"22":3327440.57268079,"23":3892300.9904261399,"24":5110792.6546459803,"25":6356426.71959191,"26":7274045.8903754298,"27":9550854.3722935691,"28":2405304.5147367101,"29":3860882.2532387301,"30":4425544.8428204097,"31":5643346.4800961604,"32":6889279.1396883503,"33":7806638.8472329304,"34":10084002.0706537999,"35":2998509.7811385901,"36":4454376.9360953802,"37":5018987.8402771596,"38":6237137.9197482904,"39":7483828.6046975302,"40":8401949.4645398092,"41":10680501.6536807995,"42":3400571.1994321598,"43":4856324.6837355401,"44":5421316.4301148597,"45":6639003.0608439799,"46":7886511.1139880596,"47":8805627.0516213309,"48":11084934.0510173999},"House_loss_cost":{"0":0.0,"1":0.0,"2":0.0,"3":0.0,"4":0.0,"5":0.0,"6":0.0,"7":0.0,"8":0.0,"9":0.0,"10":0.0,"11":0.0,"12":0.0,"13":0.0,"14":0.0,"15":0.0,"16":0.0,"17":0.0,"18":0.0,"19":0.0,"20":0.0,"21":0.0,"22":0.0,"23":0.0,"24":0.0,"25":0.0,"26":0.0,"27":0.0,"28":0.0,"29":0.0,"30":0.0,"31":0.0,"32":0.0,"33":0.0,"34":0.0,"35":0.0,"36":0.0,"37":0.0,"38":0.0,"39":0.0,"40":0.0,"41":0.0,"42":0.0,"43":0.0,"44":0.0,"45":0.0,"46":0.0,"47":0.0,"48":0.0},"Carbon_cost":{"0":54921.3686242532,"1":53276.0331132268,"2":51954.1294405194,"3":51095.9407536031,"4":49231.9961360943,"5":46527.59614245,"6":43513.6816101919,"7":53152.2869925715,"8":52136.8549886126,"9":50725.346963415,"10":50103.9567797567,"11":48111.6868975783,"12":45258.3911039765,"13":43163.4618227692,"14":52306.8376132575,"15":51256.9381668094,"16":49891.2755798403,"17":49162.1401320829,