{"Fire_area":{"0":1.0,"1":0.8578469766,"2":0.7278681686,"3":0.6380276834,"4":0.5512178347,"5":0.4502490048,"6":0.3912660476,"7":0.9949431216,"8":0.8576405925,"9":0.7204745073,"10":0.6404507127,"11":0.5445578574,"12":0.4443605915,"13":0.388910161,"14":0.9978376022,"15":0.8603327028,"16":0.7257933879,"17":0.6410271513,"18":0.5505543926,"19":0.4494055569,"20":0.3942617662,"21":0.9863650454,"22":0.8456725598,"23":0.7120267722,"24":0.6367445954,"25":0.5398315589,"26":0.4382369886,"27":0.3901914018,"28":0.9784689289,"29":0.8380467968,"30":0.7148043378,"31":0.6233691161,"32":0.5279907542,"33":0.4309234642,"34":0.3756390378,"35":0.9582910948,"36":0.8328784241,"37":0.7032895048,"38":0.6077488954,"39":0.5206688752,"40":0.4291603011,"41":0.371104214,"42":0.9664805304,"43":0.8313453242,"44":0.7006881599,"45":0.6099928601,"46":0.5291103039,"47":0.4352870893,"48":0.3688965243},"House_loss":{"0":1.0,"1":0.9361510412,"2":0.7627033232,"3":0.8533382604,"4":0.7171707178,"5":0.651033678,"6":0.7145749733,"7":0.9616996463,"8":0.8989779657,"9":0.7447796346,"10":0.8136952209,"11":0.7225024855,"12":0.6299101627,"13":0.6627712956,"14":0.925600474,"15":0.8282530342,"16":0.7125325327,"17":0.7808886313,"18":0.6813314701,"19":0.6197180774,"20":0.6391102385,"21":0.9055955421,"22":0.7919810174,"23":0.6904051113,"24":0.7864739907,"25":0.7112056535,"26":0.6462988535,"27":0.6196187499,"28":0.8384439122,"29":0.699248204,"30":0.6994853592,"31":0.6182479703,"32":0.5871353915,"33":0.5626555603,"34":0.567173979,"35":0.3479255236,"36":0.3269375036,"37":0.3234531868,"38":0.3205645608,"39":0.3021504977,"40":0.2916302945,"41":0.2844192462,"42":0.3288285832,"43":0.3303303924,"44":0.3109590041,"45":0.3024856129,"46":0.2915137514,"47":0.2811598394,"48":0.2746306326},"Life_loss":{"0":1.0,"1":0.8807154973,"2":0.7317394743,"3":0.8293881119,"4":0.707204554,"5":0.5994586897,"6":0.6656251374,"7":0.9226921488,"8":0.8567565854,"9":0.749531301,"10":0.8046955686,"11":0.7011586247,"12":0.5579103378,"13":0.6588656169,"14":0.9508546991,"15":0.7963277061,"16":0.6814432497,"17":0.7565132585,"18":0.7011721107,"19":0.5927491081,"20":0.597614681,"21":0.9778052981,"22":0.7322793195,"23":0.6882466318,"24":0.741776887,"25":0.709565993,"26":0.6287161209,"27":0.6083510119,"28":0.8463584579,"29":0.706625196,"30":0.6979696502,"31":0.6069045677,"32":0.5811306976,"33":0.5917590474,"34":0.5520976746,"35":0.3073214369,"36":0.2963038998,"37":0.2918937582,"38":0.2876515311,"39":0.2799766479,"40":0.2770532438,"41":0.2738907729,"42":0.3303314508,"43":0.3068875121,"44":0.3014120232,"45":0.28961808,"46":0.2835130776,"47":0.2820766301,"48":0.2753336655},"Road_loss":{"0":1.0,"1":0.8303046036,"2":0.6597041014,"3":0.554981876,"4":0.4375168198,"5":0.3488156325,"6":0.3038110635,"7":0.9956829946,"8":0.8274778945,"9":0.6546621927,"10":0.5508710742,"11":0.4336588661,"12":0.3455145934,"13":0.3013023729,"14":0.9942374478,"15":0.8248231565,"16":0.6563133677,"17":0.5488015962,"18":0.4309467496,"19":0.3430273777,"20":0.2947216231,"21":0.9833709839,"22":0.8181222068,"23":0.6478155153,"24":0.5412889115,"25":0.4240410977,"26":0.3391410021,"27":0.2945252098,"28":0.9768081724,"29":0.8068854821,"30":0.6372136396,"31":0.5307404815,"32":0.4173660854,"33":0.3288777736,"34":0.2866180147,"35":0.9646424634,"36":0.7970323262,"37":0.63076587,"38":0.5248172106,"39":0.4073008949,"40":0.3259379165,"41":0.283238526,"42":0.9587871223,"43":0.792573563,"44":0.6232995485,"45":0.5225932877,"46":0.4068258138,"47":0.3217360609,"48":0.2798967443},"Power_loss":{"0":1.0,"1":0.8001692648,"2":0.6708804792,"3":0.5615595769,"4":0.5125860554,"5":0.4387442451,"6":0.4094380047,"7":0.9894691227,"8":0.7863130481,"9":0.6682403526,"10":0.5516410052,"11":0.5089898083,"12":0.4359517594,"13":0.4071994889,"14":0.9981501692,"15":0.7891138938,"16":0.6609186787,"17":0.5562583861,"18":0.5030634515,"19":0.4322196299,"20":0.4037131959,"21":0.981467869,"22":0.780649637,"23":0.6554863622,"24":0.5472542815,"25":0.4972449188,"26":0.4259141135,"27":0.3947220785,"28":0.9838498295,"29":0.7772749708,"30":0.6483314465,"31":0.5340433693,"32":0.4950294647,"33":0.4190459314,"34":0.3876638407,"35":0.9647811984,"36":0.7657576749,"37":0.6365608776,"38":0.532043825,"39":0.4914300633,"40":0.4132397708,"41":0.381819218,"42":0.9626539656,"43":0.7622856283,"44":0.6322827757,"45":0.5270058309,"46":0.4887391585,"47":0.409074718,"48":0.3750588411},"TFI_burnt":{"0":1.0,"1":0.6029320068,"2":0.4861233454,"3":0.4613005315,"4":0.3965927992,"5":0.408376973,"6":0.4561625579,"7":0.9438405161,"8":0.5769625683,"9":0.4617299118,"10":0.4376229723,"11":0.3866476814,"12":0.4004768627,"13":0.4404798154,"14":0.9100825712,"15":0.5625547826,"16":0.4620914522,"17":0.4416696059,"18":0.3874680066,"19":0.4003518821,"20":0.4444414036,"21":0.8465937555,"22":0.532214419,"23":0.4402370558,"24":0.4172807409,"25":0.3752496952,"26":0.3874882425,"27":0.427442162,"28":0.7818759305,"29":0.5100461114,"30":0.4249961517,"31":0.4111984379,"32":0.3650162773,"33":0.3807463458,"34":0.4170802056,"35":0.7196912517,"36":0.4940409552,"37":0.4196508337,"38":0.4077246274,"39":0.3635051614,"40":0.3714418043,"41":0.4175298322,"42":0.6623912871,"43":0.4685223409,"44":0.3987200456,"45":0.3961501486,"46":0.3519921393,"47":0.364310888,"48":0.4035944736},"Edge_Treatment":{"0":"e0","1":"e0","2":"e0","3":"e0","4":"e0","5":"e0","6":"e0","7":"e1","8":"e1","9":"e1","10":"e1","11":"e1","12":"e1","13":"e1","14":"e2","15":"e2","16":"e2","17":"e2","18":"e2","19":"e2","20":"e2","21":"e3","22":"e3","23":"e3","24":"e3","25":"e3","26":"e3","27":"e3","28":"e5","29":"e5","30":"e5","31":"e5","32":"e5","33":"e5","34":"e5","35":"e10","36":"e10","37":"e10","38":"e10","39":"e10","40":"e10","41":"e10","42":"e15","43":"e15","44":"e15","45":"e15","46":"e15","47":"e15","48":"e15"},"Landscape_Treatment":{"0":"l0","1":"l1","2":"l2","3":"l3","4":"l5","5":"l10","6":"l15","7":"l0","8":"l1","9":"l2","10":"l3","11":"l5","12":"l10","13":"l15","14":"l0","15":"l1","16":"l2","17":"l3","18":"l5","19":"l10","20":"l15","21":"l0","22":"l1","23":"l2","24":"l3","25":"l5","26":"l10","27":"l15","28":"l0","29":"l1","30":"l2","31":"l3","32":"l5","33":"l10","34":"l15","35":"l0","36":"l1","37":"l2","38":"l3","39":"l5","40":"l10","41":"l15","42":"l0","43":"l1","44":"l2","45":"l3","46":"l5","47":"l10","48":"l15"},"total":{"0":3217624.1275069099,"1":4098947.9186071702,"2":4510236.1972617498,"3":5496704.3860549796,"4":6473686.5878366996,"5":6995822.03404608,"6":7626084.0777043505,"7":3380531.6088745999,"8":4355645.8972557597,"9":4820429.0143893901,"10":5736212.1515921801,"11":6766254.1446708897,"12":7230680.4981974801,"13":7873480.6183083598,"14":3576580.0229049199,"15":4387183.9167698901,"16":4885788.4772247802,"17":5835759.6945971996,"18":6922032.1180588296,"19":7445778.8091604402,"20":7960267.5570246698,"21":3765583.9895371199,"22":4439036.8453013096,"23":5048469.0203343099,"24":5979967.26520075,"25":7124337.3474429902,"26":7678708.5016142502,"27":8123139.2726342501,"28":3758097.1310115801,"29":4577386.2778702201,"30":5323437.1338665904,"31":5890952.48410179,"32":7094873.6613927102,"33":7814397.4230259797,"34":8238249.42948463,"35":2763903.2439494701,"36":3871521.54991628,"37":4635671.0793701699,"38":5387358.8193818498,"39":6631650.1205900898,"40":7350524.7069807099,"41":7823899.7818995202,"42":2895278.29522003,"43":4006061.3518605698,"44":4749237.6349760704,"45":5488625.1146217398,"46":6740185.7971238503,"47":7460168.8985380698,"48":7923718.6642312901},"House_loss_cost":{"0":702551.764098329,"1":651710.80889859,"2":529614.145567287,"3":597571.049084021,"4":495092.442701579,"5":448016.252819405,"6":494052.677584325,"7":673711.1379393931,"8":627254.674139195,"9":517000.786955759,"10":570372.555423592,"11":499991.884723974,"12":430967.193800107,"13":459713.457100662,"14":652657.973701911,"15":574272.389438472,"16":489815.315089444,"17":546918.559200443,"18":471769.849368991,"19":421835.128121198,"20":444616.058571108,"21":634335.96118987,"22":547383.08585273,"23":472375.864498244,"24":551239.492906305,