{"Fire_area":{"0":1.0,"1":0.682166258,"2":0.535614255,"3":0.422076989,"4":0.327241242,"5":0.348269562,"6":0.358363139},"House_loss":{"0":1.0,"1":1.007701579,"2":1.009875128,"3":1.010466139,"4":1.014517043,"5":1.011028963,"6":1.011421059},"Life_loss":{"0":1.0,"1":1.007082125,"2":1.00904297,"3":1.009728934,"4":1.013239723,"5":1.0100974,"6":1.010578096},"Road_loss":{"0":1.0,"1":0.913632657,"2":0.862450812,"3":0.832251424,"4":0.790577058,"5":0.780846801,"6":0.781128045},"Power_loss":{"0":1.0,"1":1.006324277,"2":1.008100343,"3":1.00882787,"4":1.011777494,"5":1.009010722,"6":1.009567839},"TFI_burnt":{"0":1.0,"1":1.199134889,"2":1.326372158,"3":1.378570844,"4":1.444746046,"5":1.738305607,"6":1.788053842},"Edge_Treatment":{"0":"e0","1":"e0","2":"e0","3":"e0","4":"e0","5":"e0","6":"e0"},"Landscape_Treatment":{"0":"l0","1":"l1","2":"l2","3":"l3","4":"l5","5":"l10","6":"l15"},"total":{"0":3556460.45596501,"1":3234466.3199944999,"2":2913821.9658092,"3":2677205.3255532798,"4":2480994.46271506,"5":2750365.6997424099,"6":3328131.7874659002},"House_loss_cost":{"0":87.9078070284,"1":82.4856833788,"2":76.0749753681,"3":60.2577856625,"4":60.2075924689,"5":60.1660540269,"6":60.1838655712},"Carbon_cost":{"0":3485028.1382460701,"1":2592407.5672118198,"2":1962016.8790074801,"3":1563439.9847375599,"4":917170.930189463,"5":893266.604806822,"6":967066.650575869},"Power_loss_cost":{"0":0.0,"1":0.0,"2":0.0,"3":0.0,"4":0.0,"5":0.0,"6":0.0},"Environmental_cost":{"0":70652.3197555378,"1":111710.208952459,"2":141615.594033562,"3":152685.991030499,"4":166364.29315639,"5":255547.69002773,"6":274076.013553665},"Life_loss_cost":{"0":692.0901563717,"1":690.7328468515,"2":550.0862927875,"3":506.1653995654,"4":505.7437767391,"5":505.3948538261,"6":505.5444707978},"Edge_cost":{"0":0.0,"1":0.0,"2":0.0,"3":0.0,"4":0.0,"5":0.0,"6":0.0},"Landscape_cost":{"0":0.0,"1":529575.3253,"2":809563.3315,"3":960512.9266,"4":1396893.2879999999,"5":1600985.844,"6":2086423.395},"region":{"0":"SA_MDD","1":"SA_MDD","2":"SA_MDD","3":"SA_MDD","4":"SA_MDD","5":"SA_MDD","6":"SA_MDD"}}