{"Fire_area":{"0":1.0,"1":0.988302661,"2":0.978076299,"3":0.961810935,"4":0.950058481,"5":0.954406484,"6":0.96500001,"7":0.996711474,"8":0.978297887,"9":0.959416496,"10":0.944629208,"11":0.931234952,"12":0.92997765,"13":0.939604254,"14":0.989997832,"15":0.974029342,"16":0.955303354,"17":0.942855387,"18":0.926654242,"19":0.927642674,"20":0.940045119,"21":0.988208888,"22":0.965982075,"23":0.945377824,"24":0.934724986,"25":0.924356181,"26":0.919983012,"27":0.934347326,"28":0.993935358,"29":0.952017252,"30":0.93905695,"31":0.938887161,"32":0.925597154,"33":0.918183201,"34":0.93303416,"35":0.973228472,"36":0.950234539,"37":0.92773957,"38":0.915826058,"39":0.906719318,"40":0.905659714,"41":0.917129203,"42":0.964703968,"43":0.93934829,"44":0.917844628,"45":0.90393618,"46":0.892722561,"47":0.895373207,"48":0.906456847},"House_loss":{"0":1.0,"1":0.995965685,"2":0.970986906,"3":0.958008744,"4":0.948739025,"5":0.936483727,"6":0.957741616,"7":0.992520544,"8":0.974741538,"9":0.959470133,"10":0.940367343,"11":0.930505187,"12":0.916635557,"13":0.930381138,"14":0.975393315,"15":0.967327483,"16":0.942475644,"17":0.937447915,"18":0.924603004,"19":0.903947443,"20":0.912862712,"21":0.966982801,"22":0.940336187,"23":0.933263614,"24":0.910463895,"25":0.903979131,"26":0.889204748,"27":0.899509074,"28":0.952069932,"29":0.92426563,"30":0.907193778,"31":0.89448459,"32":0.888976462,"33":0.875378477,"34":0.88131137,"35":0.91519805,"36":0.895495768,"37":0.871260956,"38":0.855644934,"39":0.847387791,"40":0.835683475,"41":0.85786481,"42":0.870779026,"43":0.835105698,"44":0.826094175,"45":0.814851425,"46":0.806181935,"47":0.792502729,"48":0.803983701},"Life_loss":{"0":1.0,"1":1.015656765,"2":0.982243423,"3":0.973092554,"4":0.936975767,"5":0.891921346,"6":0.916020333,"7":1.002728031,"8":0.978416919,"9":0.935528532,"10":0.981857239,"11":0.898113122,"12":0.865946009,"13":0.888864894,"14":0.979363139,"15":0.948386392,"16":0.943144007,"17":0.954963577,"18":0.902883825,"19":0.851759809,"20":0.869635162,"21":0.95551103,"22":0.937577644,"23":0.931159106,"24":0.921778258,"25":0.87986072,"26":0.829738269,"27":0.831679385,"28":0.945811578,"29":0.892433415,"30":0.904078815,"31":0.859089692,"32":0.851774772,"33":0.803445806,"34":0.792959046,"35":0.900894318,"36":0.845414557,"37":0.840400146,"38":0.820597539,"39":0.792613555,"40":0.780951667,"41":0.792090276,"42":0.818497363,"43":0.791973147,"44":0.771754183,"45":0.789482091,"46":0.732903783,"47":0.715981977,"48":0.716563549},"Road_loss":{"0":1.0,"1":0.975388794,"2":0.972481397,"3":0.950871509,"4":0.95063806,"5":0.947145955,"6":0.967326924,"7":0.997477517,"8":0.955024964,"9":0.950381915,"10":0.934788045,"11":0.919927038,"12":0.924504196,"13":0.93800754,"14":0.998453197,"15":0.952840476,"16":0.950305106,"17":0.934332834,"18":0.910656495,"19":0.920799413,"20":0.937893242,"21":0.989527173,"22":0.953039959,"23":0.946408285,"24":0.925150295,"25":0.911934254,"26":0.918479582,"27":0.936467647,"28":0.993717099,"29":0.947816602,"30":0.933066539,"31":0.917274014,"32":0.923760703,"33":0.912232993,"34":0.935402731,"35":0.967007049,"36":0.927305947,"37":0.919871772,"38":0.899306155,"39":0.899193138,"40":0.90170426,"41":0.919732372,"42":0.966631486,"43":0.917709134,"44":0.911243317,"45":0.886777744,"46":0.885902051,"47":0.896031791,"48":0.906019094},"Power_loss":{"0":1.0,"1":0.985295115,"2":0.985252636,"3":0.964802934,"4":0.965463262,"5":0.965564211,"6":0.98343204,"7":0.997414438,"8":0.968076568,"9":0.964341712,"10":0.945282416,"11":0.936977321,"12":0.941107172,"13":0.952601264,"14":0.998021655,"15":0.965667367,"16":0.964602895,"17":0.947697564,"18":0.933400387,"19":0.939351082,"20":0.95306439,"21":0.990342255,"22":0.963702962,"23":0.95803958,"24":0.940249787,"25":0.931800707,"26":0.937807572,"27":0.951649541,"28":0.994899109,"29":0.95794152,"30":0.949281581,"31":0.934088945,"32":0.94107759,"33":0.93035037,"34":0.949283229,"35":0.975537878,"36":0.945417798,"37":0.9412302,"38":0.920862054,"39":0.92120253,"40":0.923463718,"41":0.939465173,"42":0.978082613,"43":0.93737867,"44":0.932368241,"45":0.911978269,"46":0.91409732,"47":0.917675941,"48":0.931435831},"TFI_burnt":{"0":1.0,"1":1.151865209,"2":1.227004719,"3":1.281851995,"4":1.34583821,"5":1.325529401,"6":1.056453324,"7":0.988382638,"8":1.142298079,"9":1.240205226,"10":1.346482208,"11":1.469137099,"12":1.473429709,"13":1.514400519,"14":0.950768988,"15":1.149472149,"16":1.217582163,"17":1.320046602,"18":1.443015489,"19":1.452245709,"20":1.492297738,"21":0.898397639,"22":1.14915161,"23":1.214796005,"24":1.272348128,"25":1.407480874,"26":1.41316927,"27":1.455699706,"28":0.813905849,"29":1.201160356,"30":1.262825667,"31":1.318793187,"32":1.337752991,"33":1.413952016,"34":1.427713893,"35":0.707516673,"36":1.150647433,"37":1.222193767,"38":1.273765837,"39":1.386943323,"40":1.314382484,"41":1.359276124,"42":0.214517372,"43":1.133863353,"44":1.207561249,"45":1.257569443,"46":1.321213688,"47":1.3022022,"48":1.063137573},"Edge_Treatment":{"0":"e0","1":"e0","2":"e0","3":"e0","4":"e0","5":"e0","6":"e0","7":"e1","8":"e1","9":"e1","10":"e1","11":"e1","12":"e1","13":"e1","14":"e2","15":"e2","16":"e2","17":"e2","18":"e2","19":"e2","20":"e2","21":"e3","22":"e3","23":"e3","24":"e3","25":"e3","26":"e3","27":"e3","28":"e5","29":"e5","30":"e5","31":"e5","32":"e5","33":"e5","34":"e5","35":"e10","36":"e10","37":"e10","38":"e10","39":"e10","40":"e10","41":"e10","42":"e15","43":"e15","44":"e15","45":"e15","46":"e15","47":"e15","48":"e15"},"Landscape_Treatment":{"0":"l0","1":"l1","2":"l2","3":"l3","4":"l5","5":"l10","6":"l15","7":"l0","8":"l1","9":"l2","10":"l3","11":"l5","12":"l10","13":"l15","14":"l0","15":"l1","16":"l2","17":"l3","18":"l5","19":"l10","20":"l15","21":"l0","22":"l1","23":"l2","24":"l3","25":"l5","26":"l10","27":"l15","28":"l0","29":"l1","30":"l2","31":"l3","32":"l5","33":"l10","34":"l15","35":"l0","36":"l1","37":"l2","38":"l3","39":"l5","40":"l10","41":"l15","42":"l0","43":"l1","44":"l2","45":"l3","46":"l5","47":"l10","48":"l15"},"total":{"0":34952383.7361496016,"1":35847128.3946423978,"2":35875124.9377337992,"3":36001137.2502214983,"4":36695901.0888207033,"5":36870629.5549822003,"6":38347844.1810704991,"7":35992433.0221026987,"8":36302083.2309999019,"9":36409506.8752672002,"10":36776208.9135558978,"11":37105127.0856634006,"12":37365737.2492866963,"13":38592159.6180310994,"14":36316194.9064207971,"15":36770803.2614405975,"16":36909938.0841512978,"17":37303005.7753107026,"18":37629093.0308599025,"19":37776856.0846643969,"20":39026783.4457546026,"21":36676855.1373369023,"22":36873649.8393511996,"23":37125228.8034757972,"24":37239019.7553185001,"25":37736174.5886949971,"26":37863776.0201480985,"27":39182537.3287881017,"28":37296284.221824497,"29":37054666.5709502995,"30":37270792.4985255972,"31":37480988.3598183021,"32":38366777.0249918997,"33":38263939.1577659994,"34":39444056.9434939995,"35":37638639.4943327978,"36":37721166.6884927973,"37":37740999.1292335987,"38":37874726.7795400992,"39":38538312.1286886036,"40":38818854.9957346022,"41":40200590.4010675997,"42":37155286.1148499027,"43":36981179.7452192008,"44":37211476.995446302,"45":37526134.3324726,"46":38069783.4472687989,"47":38459962.2142976969,"48":39556060.1959438995},"House_loss_cost":{"0":12879359.9332701992,"1":12866972.4306550007,"2":12480620.7036314998,"3":12303731.4408964999,"4":12150823.6210469007,"5":11967151.8175143003,"6":12252911.2679923996,"7":12738210.5428736992,"8":12504220.5153726004,"9":12311806.8042626008,"10":12113180.0388941001,"11":11922279.8212218992,"12":11713330.0477105994,"13":11837229.2807892002,"14":12474943.0988539997,"15":12401157.8505531996,"16":12071395.8546699993,"17":12006439.9314671997,"18":11796060.2766645998,"19":11527584.0269936994,"20":11631494.9745086003,"21":12463983.3544043005,"22":12100028.7770248,"23":11996083.4372237995,"24":11723715.0244670995,"25":11533576.3903554007,"26":11290813.5697415005,"27":11466885.3192681,"28":12255014.6114723999,"29":11801910.7078558002,"30":11591359.5270342007,"31":11414406.3979839999,