{"Fire_area":{"0":1.0,"1":0.9868949234,"2":0.8928747026,"3":0.8565893189,"4":0.6567265525,"5":0.5684662911,"6":0.571269904,"7":1.0473265015,"8":0.8764101523,"9":0.7587275187,"10":0.6885664267,"11":0.5016329332,"12":0.4466065787,"13":0.4283967424,"14":0.9898017875,"15":0.8037037274,"16":0.7486192467,"17":0.6732867962,"18":0.4801865614,"19":0.423728755,"20":0.4053868077,"21":1.0224270519,"22":0.7859166972,"23":0.727810158,"24":0.682846251,"25":0.4824083284,"26":0.4193719272,"27":0.4109013676,"28":0.8602535219,"29":0.6349516384,"30":0.5714299022,"31":0.5334400826,"32":0.4823857681,"33":0.3660243308,"34":0.357124843,"35":0.8727087263,"36":0.6327006217,"37":0.5687797992,"38":0.5199228266,"39":0.4132582365,"40":0.3771813085,"41":0.3509143608,"42":0.8703024494,"43":0.6162597573,"44":0.5438529722,"45":0.5044119666,"46":0.4083661258,"47":0.3533443284,"48":0.3680731375},"House_loss":{"0":1.0,"1":1.0127214935,"2":0.9681436729,"3":1.0023186877,"4":0.8572723283,"5":0.878489503,"6":0.8793569825,"7":0.9727033701,"8":0.8316576994,"9":0.7298896219,"10":0.7128935525,"11":0.5519108103,"12":0.5612280337,"13":0.5380481271,"14":0.8998609034,"15":0.7227953554,"16":0.7020752062,"17":0.6620240133,"18":0.4946481196,"19":0.513194056,"20":0.4889705333,"21":0.8983220231,"22":0.6567001655,"23":0.6392848039,"24":0.6440744245,"25":0.4719981923,"26":0.4834255123,"27":0.4654816138,"28":0.6888671589,"29":0.4659079426,"30":0.4391021518,"31":0.4415820865,"32":0.4450663369,"33":0.3775847231,"34":0.3686752819,"35":0.570490338,"36":0.3843418657,"37":0.3602984105,"38":0.3577868842,"39":0.3047675214,"40":0.2991969827,"41":0.2901308095,"42":0.4887993562,"43":0.3091280819,"44":0.289950922,"45":0.2832520354,"46":0.2494733446,"47":0.236005615,"48":0.2392364851},"Life_loss":{"0":1.0,"1":1.0184700061,"2":0.9490310569,"3":1.0023955665,"4":0.8458362111,"5":0.8575501479,"6":0.8725464352,"7":1.0095899709,"8":0.7721157822,"9":0.6497714637,"10":0.6232108283,"11":0.4659263448,"12":0.474746517,"13":0.4613853633,"14":0.8853912982,"15":0.6552289357,"16":0.6288151931,"17":0.587977797,"18":0.4319508342,"19":0.4561029311,"20":0.4503965828,"21":0.9002985464,"22":0.5848665801,"23":0.5666168656,"24":0.5863760206,"25":0.4203606421,"26":0.4272466772,"27":0.4158370479,"28":0.6940763876,"29":0.4230429948,"30":0.4063815641,"31":0.4086840714,"32":0.3973940314,"33":0.3624581572,"34":0.3598283414,"35":0.5896170939,"36":0.3843161452,"37":0.3648079047,"38":0.3524891266,"39":0.3231812378,"40":0.3213661434,"41":0.3201901725,"42":0.5515246387,"43":0.3491861476,"44":0.3346372278,"45":0.3338606433,"46":0.305282484,"47":0.3011062976,"48":0.3104027038},"Road_loss":{"0":1.0,"1":0.9667055395,"2":0.8821979619,"3":0.8828604156,"4":0.7029900115,"5":0.656704213,"6":0.6675677541,"7":0.9987917656,"8":0.8602783336,"9":0.7515603648,"10":0.7003582213,"11":0.5318047467,"12":0.4874829483,"13":0.4798553413,"14":0.9399263919,"15":0.7689868644,"16":0.7291440321,"17":0.6674478193,"18":0.497152146,"19":0.4514428364,"20":0.4429650501,"21":0.9615156353,"22":0.7509858766,"23":0.7048057873,"24":0.6848734605,"25":0.4999008819,"26":0.4496063012,"27":0.4470260016,"28":0.7909300478,"29":0.5866954836,"30":0.5338338706,"31":0.5168427721,"32":0.4926799427,"33":0.3908055556,"34":0.3862403037,"35":0.7780829087,"36":0.5607417591,"37":0.5031316498,"38":0.4744488843,"39":0.4009776245,"40":0.3835367729,"41":0.3659441509,"42":0.7698421234,"43":0.5380621261,"44":0.4871137847,"45":0.4638671872,"46":0.3952437506,"47":0.3595698495,"48":0.3853117493},"Power_loss":{"0":1.0,"1":0.9768233615,"2":0.9193978571,"3":0.9246757429,"4":0.7981711501,"5":0.7667060165,"6":0.7609861655,"7":0.9933504101,"8":0.8529719129,"9":0.7754759249,"10":0.7477755349,"11":0.6037571542,"12":0.5566510353,"13":0.531301127,"14":0.9328292272,"15":0.7682130244,"16":0.7412759216,"17":0.7108905213,"18":0.5514563085,"19":0.5143267075,"20":0.4851183777,"21":0.9142842556,"22":0.7364928343,"23":0.7020854557,"24":0.6917426996,"25":0.5406131145,"26":0.4947061062,"27":0.4718052838,"28":0.7601850825,"29":0.5822214654,"30":0.5392252941,"31":0.5295327654,"32":0.5197463194,"33":0.4117054987,"34":0.3913879363,"35":0.6932071455,"36":0.5086658458,"37":0.4664883166,"38":0.4533344478,"39":0.399594354,"40":0.3580318047,"41":0.3260307177,"42":0.6373708113,"43":0.4474258909,"44":0.4080533904,"45":0.3967222371,"46":0.3471241266,"47":0.2966097959,"48":0.2983952463},"TFI_burnt":{"0":1.0,"1":0.556869634,"2":0.5553810888,"3":0.550883935,"4":0.5536553145,"5":0.5515318137,"6":0.5545238546,"7":0.5591786048,"8":1.0007843537,"9":0.9962201079,"10":0.9988829408,"11":0.9914024375,"12":0.9897057541,"13":0.9926100286,"14":0.5627999074,"15":0.9990621129,"16":1.0009498827,"17":0.9952594319,"18":0.9949505186,"19":0.9848994867,"20":0.9994998745,"21":0.5628138737,"22":0.9975213265,"23":0.991911607,"24":0.9927675883,"25":0.9920238874,"26":0.9949475204,"27":0.9886656047,"28":0.5611257114,"29":0.9915637,"30":0.9955011723,"31":0.9911754846,"32":0.9881444242,"33":0.9910488684,"34":0.9904360322,"35":0.5655211789,"36":0.9858375197,"37":0.9964972159,"38":0.9955055001,"39":0.987848503,"40":0.9909664813,"41":0.991798521,"42":0.5653963654,"43":0.985773792,"44":0.9912244795,"45":0.9931513548,"46":0.9907066816,"47":0.989920576,"48":0.9900395167}}