{"Fire_area":{"0":1.0,"1":0.9982788341,"2":0.9914520332,"3":0.9867906798,"4":0.9800585578,"5":0.9756124831,"6":0.9643996022,"7":0.9977680195,"8":0.989759984,"9":0.9840057617,"10":0.981604036,"11":0.9769627991,"12":0.9671969763,"13":0.9590162891,"14":0.9894995584,"15":0.9844522705,"16":0.9821316031,"17":0.9774456497,"18":0.9743704973,"19":0.9669648291,"20":0.9556015337,"21":0.9892173647,"22":0.9861656625,"23":0.9801083331,"24":0.9768736906,"25":0.9723626118,"26":0.9672293865,"27":0.9582725207,"28":0.9790269735,"29":0.9744659479,"30":0.9715033451,"31":0.9699825167,"32":0.9618699629,"33":0.9559784508,"34":0.9484891027,"35":0.9676163683,"36":0.9655425193,"37":0.9607625218,"38":0.9601545189,"39":0.9538676407,"40":0.9467825583,"41":0.9440323586,"42":0.9625065381,"43":0.9565520037,"44":0.954201505,"45":0.9515270598,"46":0.9466615638,"47":0.9379685131,"48":0.9300723706},"House_loss":{"0":1.0,"1":0.9973657934,"2":0.9990537243,"3":0.9945116844,"4":0.9929778491,"5":0.9953683289,"6":0.9895007341,"7":0.9974238785,"8":0.9950002363,"9":0.9958851628,"10":0.9928191651,"11":0.991415724,"12":0.9936973192,"13":0.9924456969,"14":0.9934491143,"15":0.9927890479,"16":0.9950481631,"17":0.9923398742,"18":0.9912896394,"19":0.9948868785,"20":0.9916886706,"21":0.9930899436,"22":0.989991357,"23":0.9902717056,"24":0.9909844361,"25":0.9891786896,"26":0.9890309114,"27":0.9859478481,"28":0.9899169178,"29":0.9920771895,"30":0.9900888252,"31":0.9880395978,"32":0.9885513,"33":0.9851161823,"34":0.9876043507,"35":0.9826643684,"36":0.9958924106,"37":0.9940232496,"38":0.9795765887,"39":0.9786122092,"40":0.9790931368,"41":0.9787883737,"42":0.9798399574,"43":0.9924823335,"44":0.9933853462,"45":0.9794471022,"46":0.9803514518,"47":0.9775126658,"48":0.9802946599},"Life_loss":{"0":1.0,"1":0.9997419557,"2":0.9984046623,"3":0.9988689767,"4":1.0000899868,"5":0.9976005067,"6":0.9974331427,"7":0.9996400513,"8":0.9988657782,"9":0.9974006308,"10":0.9989135535,"11":1.0003435891,"12":0.9977981872,"13":0.9969449106,"14":0.9961000788,"15":0.995785159,"16":0.9943336147,"17":0.9965919276,"18":0.996987693,"19":0.9954859814,"20":0.9945838736,"21":1.0007488643,"22":0.999797338,"23":0.9985126282,"24":0.9968608512,"25":0.9989762393,"26":0.9961418831,"27":0.9965778406,"28":0.9934766107,"29":0.9936520571,"30":0.9912893898,"31":0.9969314894,"32":0.994678584,"33":0.9903001615,"34":0.9927309279,"35":0.9941153729,"36":0.9917719849,"37":0.9901274661,"38":0.9911955667,"39":0.9931558204,"40":0.9909136808,"41":0.9893507164,"42":0.9923802766,"43":0.9912240195,"44":0.9916792018,"45":0.9928919402,"46":0.9930245179,"47":0.9903808021,"48":0.9910373933},"Road_loss":{"0":1.0,"1":0.9948622696,"2":0.9902972301,"3":0.9823878506,"4":0.9800368269,"5":0.9644561345,"6":0.9575703897,"7":0.998962798,"8":0.9904292044,"9":0.9857707023,"10":0.9791012556,"11":0.9743109052,"12":0.9616103797,"13":0.9581538231,"14":0.9976578286,"15":0.9909542416,"16":0.9892570946,"17":0.9778549172,"18":0.9746237649,"19":0.9655186066,"20":0.9555682785,"21":0.9972514977,"22":0.9896524314,"23":0.987020097,"24":0.976569474,"25":0.9718226223,"26":0.9614091531,"27":0.9548132335,"28":0.9866737308,"29":0.9760551847,"30":0.9768864063,"31":0.9684901102,"32":0.9634998417,"33":0.952272488,"34":0.9483710433,"35":0.9767576202,"36":0.9742487833,"37":0.9674063635,"38":0.9606160067,"39":0.9590503723,"40":0.9482455074,"41":0.9431496637,"42":0.9744709827,"43":0.9651274562,"44":0.9614707369,"45":0.9594112516,"46":0.955149151,"47":0.9441647453,"48":0.9379939862},"Power_loss":{"0":1.0,"1":1.0007735355,"2":0.9890061746,"3":0.987840303,"4":0.9819653748,"5":0.9830900869,"6":0.9766952168,"7":0.9961275581,"8":0.9893097123,"9":0.9935778335,"10":0.9857536456,"11":0.9831300037,"12":0.9782306582,"13":0.9762911125,"14":0.9878530491,"15":0.9925517644,"16":0.9875303836,"17":0.9865085589,"18":0.9794943257,"19":0.9830166171,"20":0.9746919424,"21":0.9990014434,"22":0.9879706138,"23":0.9881470025,"24":0.9876260119,"25":0.9769447658,"26":0.9800473911,"27":0.9736365301,"28":0.981367694,"29":0.9907611567,"30":0.9794484785,"31":0.980135183,"32":0.9718228185,"33":0.971160483,"34":0.9657147014,"35":0.9743371895,"36":0.9757086856,"37":0.9729061633,"38":0.9699377814,"39":0.9684115648,"40":0.9697490306,"41":0.9607951151,"42":0.961024426,"43":0.9603386473,"44":0.9580995198,"45":0.9567399104,"46":0.9463198494,"47":0.9481104476,"48":0.9419771435},"TFI_burnt":{"0":1.0,"1":1.0104403563,"2":1.0173043016,"3":1.0088131599,"4":0.9777423151,"5":0.9628225067,"6":1.0088533253,"7":0.9970350415,"8":0.9818114057,"9":0.9963726887,"10":0.9779097475,"11":0.9488377605,"12":0.9454687101,"13":0.9828746113,"14":0.999434034,"15":0.9786064664,"16":0.9742942995,"17":0.9735602099,"18":0.9309622302,"19":0.9370698817,"20":0.963756242,"21":0.9823534054,"22":0.9702653268,"23":0.9691690611,"24":0.963842806,"25":0.9322129077,"26":0.9246131059,"27":0.9643137326,"28":0.9686968722,"29":0.9523374361,"30":0.939187634,"31":0.9534438131,"32":0.9212143258,"33":0.9024897059,"34":0.9548715565,"35":0.9516055792,"36":0.9354090759,"37":0.928346013,"38":0.928237321,"39":0.8996362731,"40":0.8933061274,"41":0.929017409,"42":0.9582957831,"43":0.9469832795,"44":0.9360315129,"45":0.9317000892,"46":0.9110517554,"47":0.9059758431,"48":0.9783628445}}