{"Fire_area":{"0":1.0,"1":0.9917038462,"2":0.9788898363,"3":0.9600807102,"4":0.9645435085,"5":0.9397550383,"6":0.9215689226,"7":0.9878920738,"8":0.9753301874,"9":0.9626754271,"10":0.9485134724,"11":0.9504966947,"12":0.9212272039,"13":0.9120794239,"14":0.9817424843,"15":0.9680210193,"16":0.9561335043,"17":0.9456661352,"18":0.9441580203,"19":0.9196543783,"20":0.9001818593,"21":0.9616769676,"22":0.9522865632,"23":0.9430024049,"24":0.9337251414,"25":0.9290063048,"26":0.9063354443,"27":0.8898191182,"28":0.9452556971,"29":0.9342320769,"30":0.9191686722,"31":0.910795036,"32":0.9097276613,"33":0.882239636,"34":0.8737742544,"35":0.9150177337,"36":0.903896515,"37":0.8956374207,"38":0.8877536208,"39":0.8825863985,"40":0.8635950169,"41":0.8474421689,"42":0.8922810791,"43":0.8843207307,"44":0.8712148074,"45":0.8712715903,"46":0.8645599749,"47":0.8425927088,"48":0.8319042748},"House_loss":{"0":1.0,"1":0.9999697856,"2":0.9909113097,"3":0.9924664601,"4":0.9917640038,"5":0.9834115968,"6":0.9858350614,"7":0.9565078527,"8":0.9547144221,"9":0.9521947058,"10":0.9370015383,"11":0.9513442039,"12":0.9400715454,"13":0.9423331904,"14":0.9910438407,"15":0.974791194,"16":0.9715715076,"17":0.9676750229,"18":0.9820466524,"19":0.9461966803,"20":0.9437486012,"21":0.9501436056,"22":0.9504022186,"23":0.9465793711,"24":0.9459760525,"25":0.945994954,"26":0.9248943508,"27":0.9238342655,"28":0.9132350574,"29":0.9117197471,"30":0.9096483527,"31":0.9078493949,"32":0.9062130915,"33":0.9043893048,"34":0.8990196807,"35":0.9112009573,"36":0.9093704436,"37":0.9085399884,"38":0.9101886853,"39":0.9063573287,"40":0.9014053461,"41":0.8996144311,"42":0.8852894051,"43":0.8838320843,"44":0.8833671952,"45":0.8830484951,"46":0.880705885,"47":0.880569345,"48":0.8769688795},"Life_loss":{"0":1.0,"1":1.0071246411,"2":1.0076885871,"3":0.9915640171,"4":1.0074343118,"5":0.9888315697,"6":0.9873995007,"7":1.0069029561,"8":0.989360271,"9":0.9908487201,"10":1.0011687521,"11":0.9863540349,"12":0.9701344533,"13":0.9813435505,"14":0.9785464448,"15":0.9761981368,"16":0.9727513028,"17":0.9839558435,"18":0.9855366316,"19":0.9704483793,"20":0.9706602944,"21":0.9876569514,"22":0.9710751136,"23":0.971313009,"24":0.9674763683,"25":0.9793871657,"26":0.9662958221,"27":0.9511758647,"28":0.9527902182,"29":0.9374767847,"30":0.9377450727,"31":0.9363564636,"32":0.9353969469,"33":0.9344726833,"34":0.933312257,"35":0.9336498369,"36":0.9305830564,"37":0.9315757672,"38":0.930961051,"39":0.9304313062,"40":0.942266793,"41":0.9277030707,"42":0.9265032438,"43":0.926192608,"44":0.9260736708,"45":0.926384266,"46":0.9258261189,"47":0.9275554791,"48":0.9257949083},"Road_loss":{"0":1.0,"1":0.9900513157,"2":0.9624010708,"3":0.9458245283,"4":0.9528347461,"5":0.9143079423,"6":0.8919917829,"7":0.9815281318,"8":0.9681769199,"9":0.9401538363,"10":0.9245584384,"11":0.9271349745,"12":0.8938044438,"13":0.8764211923,"14":0.9564187444,"15":0.944971191,"16":0.920259821,"17":0.9052762071,"18":0.9042498885,"19":0.8779261327,"20":0.8536807398,"21":0.9383478793,"22":0.9293951141,"23":0.9060331027,"24":0.8944461479,"25":0.8924815776,"26":0.862388761,"27":0.8491892158,"28":0.9195560102,"29":0.9093441651,"30":0.8899826303,"31":0.874541276,"32":0.8741832188,"33":0.8464866321,"34":0.8300330276,"35":0.891761638,"36":0.8808511693,"37":0.8605258129,"38":0.8517969134,"39":0.8469348739,"40":0.8209752378,"41":0.8131203234,"42":0.8724914153,"43":0.8620257849,"44":0.8411205645,"45":0.8340681712,"46":0.8339628092,"47":0.8058398226,"48":0.7995341826},"Power_loss":{"0":1.0,"1":0.990206664,"2":0.9863880295,"3":0.9844985217,"4":0.9638560215,"5":0.9681210033,"6":0.9138662787,"7":0.9667211883,"8":0.9638861467,"9":0.9603043609,"10":0.9565547887,"11":0.9377096778,"12":0.92711101,"13":0.893294114,"14":0.9691138969,"15":0.9654505376,"16":0.9522329249,"17":0.9639206477,"18":0.9567686073,"19":0.9396836142,"20":0.9041296239,"21":0.9515519357,"22":0.946472602,"23":0.9479741699,"24":0.9475877037,"25":0.9365280132,"26":0.9374964238,"27":0.8942688109,"28":0.9282199776,"29":0.9268557449,"30":0.9154626844,"31":0.9202822518,"32":0.9134187256,"33":0.9067635048,"34":0.878253768,"35":0.9178411669,"36":0.9178076317,"37":0.9215899353,"38":0.91477772,"39":0.9138090174,"40":0.9050022437,"41":0.8625533245,"42":0.9030426417,"43":0.9008393876,"44":0.8963915101,"45":0.8981191364,"46":0.8924342097,"47":0.8872471015,"48":0.8530191982},"TFI_burnt":{"0":1.0,"1":0.9607587084,"2":0.8838058103,"3":0.7386413058,"4":0.8160282292,"5":0.8195891965,"6":0.7294532127,"7":0.9682082305,"8":0.8625053624,"9":0.802343077,"10":0.6859627619,"11":0.7417187163,"12":0.7649570983,"13":0.6865425782,"14":0.8841951355,"15":0.7623642954,"16":0.7378869349,"17":0.6193597641,"18":0.6772185873,"19":0.6907378531,"20":0.6266946737,"21":0.7706145315,"22":0.6889766971,"23":0.6509892288,"24":0.5853230189,"25":0.611804243,"26":0.6501603391,"27":0.5951763651,"28":0.6971325969,"29":0.6324053327,"30":0.6031730393,"31":0.5331224895,"32":0.564616302,"33":0.5995898984,"34":0.5498525728,"35":0.7137158933,"36":0.6376687048,"37":0.591022068,"38":0.5373637189,"39":0.5667556543,"40":0.6091319817,"41":0.5904266329,"42":0.7490001267,"43":0.6879725627,"44":0.6394745548,"45":0.5715099462,"46":0.5990435702,"47":0.6438063846,"48":0.5945284703}}