{"Fire_area":{"0":1.0,"1":0.9750740341,"2":0.9608406613,"3":0.9441297833,"4":0.9282146821,"5":0.9060110151,"6":0.9014079989,"7":0.9987887421,"8":0.9743663177,"9":0.9597716779,"10":0.9426052215,"11":0.9288491577,"12":0.9058993713,"13":0.9010712241,"14":0.9963720106,"15":0.9717628254,"16":0.9581744249,"17":0.9406744816,"18":0.9270676355,"19":0.9039709567,"20":0.8985464613,"21":0.9984061523,"22":0.97313822,"23":0.9588004165,"24":0.9421071095,"25":0.9285168242,"26":0.9067181524,"27":0.9011466261,"28":0.9939892963,"29":0.9681242052,"30":0.9551590705,"31":0.9387058198,"32":0.9247180199,"33":0.9024264358,"34":0.8966464539,"35":0.9876412282,"36":0.9643975423,"37":0.9493121495,"38":0.9337561616,"39":0.9211993808,"40":0.8997518731,"41":0.8931485425,"42":0.989064213,"43":0.965496937,"44":0.952629814,"45":0.9344268754,"46":0.9229886094,"47":0.901151124,"48":0.8940117811},"House_loss":{"0":1.0,"1":0.9941236878,"2":0.9839321096,"3":0.9832289852,"4":0.9801666769,"5":0.9753491937,"6":0.9815687064,"7":0.9901369453,"8":0.980734509,"9":0.9793207377,"10":0.9735714387,"11":0.9757229913,"12":0.972360956,"13":0.971478432,"14":0.9862743723,"15":0.9745927004,"16":0.9735028923,"17":0.974090702,"18":0.9691871419,"19":0.965946975,"20":0.9668101604,"21":0.9785148945,"22":0.972011522,"23":0.9695031858,"24":0.9683018088,"25":0.9677203712,"26":0.9647370608,"27":0.962828087,"28":0.97830666,"29":0.9717027449,"30":0.9679610826,"31":0.9684997388,"32":0.9610573343,"33":0.9590499745,"34":0.9611358454,"35":0.9623863721,"36":0.9605110628,"37":0.9552501642,"38":0.958462805,"39":0.9556918037,"40":0.9548238306,"41":0.9547949278,"42":0.9620875312,"43":0.9593718095,"44":0.9572714891,"45":0.9551226146,"46":0.9576762299,"47":0.954295579,"48":0.9562519501},"Life_loss":{"0":1.0,"1":0.9859413244,"2":0.9714061249,"3":0.9569868053,"4":0.9459306132,"5":0.9425261148,"6":0.9464542266,"7":0.9897850195,"8":0.9675801063,"9":0.9606865548,"10":0.9568486067,"11":0.955730911,"12":0.9497594061,"13":0.9466931746,"14":0.9909517133,"15":0.9645447661,"16":0.9529346269,"17":0.9469992275,"18":0.948219227,"19":0.9367903623,"20":0.9391302317,"21":0.9803595331,"22":0.9670599098,"23":0.9537767928,"24":0.9448601469,"25":0.949201486,"26":0.9383765315,"27":0.938200039,"28":0.9766745707,"29":0.9618425177,"30":0.9529865994,"31":0.9495699378,"32":0.941783204,"33":0.9358117009,"34":0.9405293988,"35":0.9468680152,"36":0.949800191,"37":0.9366517724,"38":0.9332875472,"39":0.9315172831,"40":0.9303040256,"41":0.9309164996,"42":0.9572720249,"43":0.9409914738,"44":0.9387512171,"45":0.9320749837,"46":0.9350613947,"47":0.9312838059,"48":0.9328745554},"Road_loss":{"0":1.0,"1":0.968225543,"2":0.9547057284,"3":0.9412473914,"4":0.9249461233,"5":0.906830634,"6":0.9109080997,"7":0.996514385,"8":0.9653499741,"9":0.952297363,"10":0.939205829,"11":0.9227346723,"12":0.9052005575,"13":0.9090441922,"14":0.9944268119,"15":0.9638165514,"16":0.9497811037,"17":0.9373338025,"18":0.922059199,"19":0.9036719886,"20":0.9075853753,"21":0.994174342,"22":0.9626954447,"23":0.9497361014,"24":0.9374678573,"25":0.9215195951,"26":0.9040328448,"27":0.9069857174,"28":0.9902621484,"29":0.9595143842,"30":0.9470387418,"31":0.935303641,"32":0.9196682696,"33":0.9013577987,"34":0.9039870376,"35":0.9814591575,"36":0.9529488136,"37":0.9409474535,"38":0.929438389,"39":0.9142154245,"40":0.8980073096,"41":0.8991723112,"42":0.9831326466,"43":0.9528846802,"44":0.9426638898,"45":0.929679785,"46":0.9155611895,"47":0.8986864818,"48":0.9005701569},"Power_loss":{"0":1.0,"1":0.9263473108,"2":0.902581256,"3":0.8740548217,"4":0.8116721147,"5":0.7671217472,"6":0.7844027123,"7":0.998815706,"8":0.9199662404,"9":0.9010097297,"10":0.8706150357,"11":0.807046028,"12":0.7637992329,"13":0.7797423262,"14":0.9958322687,"15":0.9185201583,"16":0.8956192298,"17":0.8684393318,"18":0.8055878681,"19":0.7634591495,"20":0.7784582069,"21":0.9956451528,"22":0.9205873564,"23":0.8973265453,"24":0.8723497182,"25":0.808737242,"26":0.7656642884,"27":0.7809618416,"28":0.985332052,"29":0.9144169736,"30":0.887303088,"31":0.8705900468,"32":0.804395399,"33":0.7604522904,"34":0.7717605414,"35":0.9758849839,"36":0.9032188288,"37":0.8840602778,"38":0.8597160288,"39":0.8011532765,"40":0.7599723059,"41":0.7656291609,"42":0.9761522548,"43":0.9034068574,"44":0.8825029298,"45":0.8577105599,"46":0.8011895262,"47":0.7599650194,"48":0.7659580266},"TFI_burnt":{"0":1.0,"1":0.7925197316,"2":0.6819209515,"3":0.5988624668,"4":0.4886501266,"5":0.3254912289,"6":0.423939597,"7":0.9967248573,"8":0.74282671,"9":0.6484796889,"10":0.5709165205,"11":0.4728685733,"12":0.3166329181,"13":0.41107506,"14":0.95172767,"15":0.7162291647,"16":0.6317239015,"17":0.5594641226,"18":0.4674258206,"19":0.313997795,"20":0.4019164275,"21":0.9499802268,"22":0.7208544727,"23":0.6231897914,"24":0.5601735716,"25":0.4619408494,"26":0.315173736,"27":0.4038444346,"28":0.9029518291,"29":0.6879283177,"30":0.6082253614,"31":0.5459540886,"32":0.4566603428,"33":0.3122308021,"34":0.3987811935,"35":0.8884305645,"36":0.6858897339,"37":0.608557944,"38":0.5452002506,"39":0.4571509092,"40":0.308106776,"41":0.4035582359,"42":0.8750793874,"43":0.676648527,"44":0.6076858311,"45":0.5415897602,"46":0.4567146994,"47":0.3071384362,"48":0.4057174547}}