{"Fire_area":{"0":1.0,"1":0.99878551,"2":0.9976785632,"3":0.9976162074,"4":0.9957698187,"5":0.9946441077,"6":0.9951308241},"House_loss":{"0":1.0,"1":0.9998366453,"2":1.0000304044,"3":0.9998114899,"4":0.9997668937,"5":0.9997638541,"6":1.0000787405},"Life_loss":{"0":1.0,"1":0.9997512312,"2":0.9999065711,"3":0.9997675905,"4":0.9997459628,"5":0.9995745071,"6":0.9999114952},"Road_loss":{"0":1.0,"1":0.9994299429,"2":0.9989303275,"3":0.9989730789,"4":0.9981898729,"5":0.9979573833,"6":0.9980623504},"Power_loss":{"0":1.0,"1":0.9999001809,"2":0.9995797598,"3":0.9998142622,"4":0.9992281725,"5":0.9993755245,"6":0.9995460006},"TFI_burnt":{"0":1.0,"1":0.9943355022,"2":0.9927896832,"3":0.991397287,"4":0.9894560981,"5":0.987284688,"6":0.9873623072}}