{"Fire_area":{"0":1.0,"1":0.9946946617,"2":0.9897313921,"3":0.9883199035,"4":0.9810229638,"5":0.972286137,"6":0.9665510272,"7":0.9927552005,"8":0.9883337477,"9":0.9839976527,"10":0.9822350272,"11":0.9755537807,"12":0.9664746624,"13":0.9610697831,"14":0.9903366679,"15":0.9857215074,"16":0.9806751323,"17":0.9797296482,"18":0.9726441033,"19":0.9635987009,"20":0.958189816,"21":0.9830526158,"22":0.9793796926,"23":0.9752039547,"24":0.9721532618,"25":0.9668684888,"26":0.957218772,"27":0.9509262379,"28":0.9757945366,"29":0.9711913482,"30":0.9673276242,"31":0.9653892639,"32":0.9588263283,"33":0.9523391764,"34":0.9441810542,"35":0.9648165437,"36":0.9602733019,"37":0.9568602737,"38":0.9548954456,"39":0.9479465659,"40":0.939625908,"41":0.9333515689,"42":0.9572887741,"43":0.9524420572,"44":0.9469665032,"45":0.9457882916,"46":0.9403613597,"47":0.9319677807,"48":0.9255614703},"House_loss":{"0":1.0,"1":1.0242588145,"2":1.0479131198,"3":1.0265606412,"4":1.0332545152,"5":1.060930538,"6":1.0635109848,"7":1.0030280076,"8":1.0177529247,"9":1.0395285169,"10":1.0323801273,"11":1.0744055256,"12":1.0844907142,"13":1.0682735811,"14":1.0236016442,"15":1.0286949248,"16":1.0390363438,"17":1.0163470588,"18":1.0524483599,"19":1.0863909316,"20":1.0476499226,"21":1.0134621413,"22":1.0276556409,"23":1.0460428751,"24":1.0417008835,"25":1.0507597216,"26":1.0862817459,"27":1.0885878266,"28":1.0572737482,"29":1.0588943955,"30":1.0777275466,"31":1.0857561434,"32":1.0946889373,"33":1.0912784455,"34":1.1086924415,"35":1.0811413563,"36":1.1132987745,"37":1.1217411064,"38":1.1337012863,"39":1.124586274,"40":1.1537241472,"41":1.1773780132,"42":1.115607023,"43":1.1090140374,"44":1.1054384884,"45":1.1078401807,"46":1.1472978387,"47":1.1641065587,"48":1.139494253},"Life_loss":{"0":1.0,"1":1.0203525846,"2":1.0382441692,"3":1.0324042044,"4":1.0387828363,"5":1.0751099981,"6":1.0720826808,"7":1.0161418173,"8":1.0263101822,"9":1.0550442209,"10":1.0308472819,"11":1.0586263578,"12":1.0795270294,"13":1.0798473624,"14":1.0145659467,"15":1.0296883286,"16":1.0302940386,"17":1.0277186283,"18":1.0504941208,"19":1.0800290134,"20":1.0690173747,"21":1.0482860384,"22":1.0434268971,"23":1.059622287,"24":1.0465322019,"25":1.0735585288,"26":1.0886606497,"27":1.0954918977,"28":1.0246855616,"29":1.0496543871,"30":1.0578084537,"31":1.0549038696,"32":1.0678102842,"33":1.1005897138,"34":1.113495235,"35":1.0708149994,"36":1.0834775498,"37":1.1053305216,"38":1.1165780004,"39":1.1120627619,"40":1.1379013515,"41":1.1353501257,"42":1.077238296,"43":1.1138008554,"44":1.1137400163,"45":1.1179363609,"46":1.1267857807,"47":1.1571243201,"48":1.1518991836},"Road_loss":{"0":1.0,"1":0.9966335582,"2":0.9942187186,"3":0.9927091807,"4":0.9909244714,"5":0.9818415919,"6":0.9824694263,"7":0.9976523458,"8":0.9938420289,"9":0.9906483067,"10":0.9899827225,"11":0.9911439555,"12":0.980534956,"13":0.9808146214,"14":0.9972689253,"15":0.9952308751,"16":0.9912621389,"17":0.9925092709,"18":0.9885242424,"19":0.9804118407,"20":0.9777143608,"21":0.9875588206,"22":0.9851355309,"23":0.9837704863,"24":0.9818205356,"25":0.9807887256,"26":0.9741776437,"27":0.9720476139,"28":0.9828568423,"29":0.9792917423,"30":0.9781037672,"31":0.9748675633,"32":0.9761581375,"33":0.9666145585,"34":0.96559281,"35":0.9705336125,"36":0.9682968912,"37":0.9649881521,"38":0.9624594849,"39":0.9619079444,"40":0.9553407404,"41":0.9540412998,"42":0.9621272385,"43":0.9612319427,"44":0.9572301488,"45":0.9557684465,"46":0.9526017069,"47":0.947708011,"48":0.9467272065},"Power_loss":{"0":1.0,"1":1.0021500157,"2":1.0003640037,"3":1.0016831083,"4":1.0037258163,"5":1.0194701596,"6":1.0066087943,"7":1.0018349295,"8":1.0043912259,"9":1.0008183249,"10":1.00128141,"11":1.0037306328,"12":1.0188413467,"13":1.0067794438,"14":1.000671344,"15":1.0009636492,"16":1.001612283,"17":1.0007492524,"18":1.0042342153,"19":1.0200379136,"20":1.0085023693,"21":1.0055901673,"22":1.0058458239,"23":1.0052494713,"24":1.0064110255,"25":1.0066735838,"26":1.0188791246,"27":1.0093636147,"28":1.0137608908,"29":1.0165297105,"30":1.0147443488,"31":1.0150148126,"32":1.0179553955,"33":1.0223434993,"34":1.0200842289,"35":1.0193843008,"36":1.0201999333,"37":1.0196843331,"38":1.021555126,"39":1.0198848456,"40":1.0230705151,"41":1.0232525801,"42":1.0061875024,"43":1.0073399341,"44":1.007139172,"45":1.0080527025,"46":1.0071056262,"47":1.0202761214,"48":1.0101879521},"TFI_burnt":{"0":1.0,"1":0.5341064126,"2":0.3364150876,"3":0.2808415713,"4":0.203194993,"5":0.1500603087,"6":0.1354387425,"7":0.7890896341,"8":0.4724853315,"9":0.3101211824,"10":0.2631375845,"11":0.1954884705,"12":0.146143444,"13":0.1327267819,"14":0.7111956811,"15":0.4590111841,"16":0.3010249632,"17":0.257632686,"18":0.1925962251,"19":0.1469531096,"20":0.1322422562,"21":0.7206730428,"22":0.4466536945,"23":0.3076278916,"24":0.2596326785,"25":0.1986810922,"26":0.1481671258,"27":0.1349220983,"28":0.5926733034,"29":0.4096150812,"30":0.2883968519,"31":0.2475677486,"32":0.1937159027,"33":0.1464943225,"34":0.1345368404,"35":0.3281667388,"36":0.2703041981,"37":0.2109165608,"38":0.1885942717,"39":0.1647353627,"40":0.1299308463,"41":0.1199100165,"42":0.2653409384,"43":0.2287735969,"44":0.1887826785,"45":0.1705132446,"46":0.1528771532,"47":0.1222792723,"48":0.1137159597}}