{"Fire_area":{"0":1.0,"1":0.9827543538,"2":0.9699755101,"3":0.9620540559,"4":0.9481227589,"5":0.9485759552,"6":0.9509263461},"House_loss":{"0":1.0,"1":0.999992803,"2":0.9999841387,"3":0.9999630368,"4":0.9999628971,"5":0.9999628272,"6":0.9999628971},"Life_loss":{"0":1.0,"1":0.9999998603,"2":0.9999773608,"3":0.9999704432,"4":0.9999703035,"5":0.9999702336,"6":0.9999703035},"Road_loss":{"0":1.0,"1":0.9863696095,"2":0.9794227623,"3":0.9757550051,"4":0.9687505227,"5":0.9670902972,"6":0.9670577524},"Power_loss":{"0":1.0,"1":0.9999999301,"2":0.9999983928,"3":0.9999982531,"4":0.9999981133,"5":0.9999980435,"6":0.9999981133},"TFI_burnt":{"0":1.0,"1":0.9914992942,"2":0.9859071471,"3":0.9838915543,"4":0.9814929101,"5":0.9651093785,"6":0.9617211317}}