{"Fire_area":{"0":1.0,"1":1.0029332873,"2":1.0061793938,"3":1.0070299006,"4":1.0127786433,"5":1.0072790181,"6":1.0078964001,"7":0.9999986651,"8":0.9972821912,"9":0.9951295994,"10":0.9931045041,"11":0.9886884766,"12":0.9925900927,"13":0.9936119122,"14":1.0030080597,"15":0.993764231,"16":0.9899507223,"17":0.9914065562,"18":0.990374081,"19":0.9883543653,"20":0.9906595506,"21":0.9985857366,"22":0.9895886784,"23":0.9897775679,"24":0.985967313,"25":0.9844660191,"26":0.9857508764,"27":0.9892152767,"28":0.9952654151,"29":0.9926532084,"30":0.9863235527,"31":0.9847335039,"32":0.9870733391,"33":0.9866196954,"34":0.9905674867,"35":0.9865177447,"36":0.9754498535,"37":0.9762362258,"38":0.9761070181,"39":0.9747997394,"40":0.9744460766,"41":0.976642693,"42":0.9877067837,"43":0.9738658,"44":0.9718843366,"45":0.9726307439,"46":0.9748773263,"47":0.9700955971,"48":0.9711542328},"House_loss":{"0":1.0,"1":1.0091171593,"2":1.0172267048,"3":1.0127302167,"4":1.0140317881,"5":1.0080994534,"6":1.0204439032,"7":0.9817755281,"8":0.9718225997,"9":0.9682944286,"10":0.951960114,"11":0.9518005612,"12":0.9614214131,"13":0.9631554506,"14":0.9872693262,"15":0.9554373154,"16":0.9544976183,"17":0.9454656649,"18":0.9536024913,"19":0.9448100991,"20":0.9536340043,"21":0.9698261995,"22":0.9428127683,"23":0.9355713004,"24":0.9311710578,"25":0.9329458104,"26":0.933132782,"27":0.9346897418,"28":0.9475211867,"29":0.921611421,"30":0.9195288346,"31":0.9196949004,"32":0.9145956381,"33":0.9130966249,"34":0.9181893829,"35":0.8824979405,"36":0.8664326145,"37":0.8624518791,"38":0.8659648042,"39":0.8594191,"40":0.8629758546,"41":0.8651225765,"42":0.8826060529,"43":0.8614758873,"44":0.8561591782,"45":0.8506602886,"46":0.8474135921,"47":0.849209394,"48":0.8527449363},"Life_loss":{"0":1.0,"1":0.9861099282,"2":0.9903382832,"3":1.0002013541,"4":0.9754077133,"5":0.9838218787,"6":0.9995787823,"7":0.970688683,"8":0.9381909834,"9":0.9206513905,"10":0.9260234363,"11":0.9122516585,"12":0.9222628373,"13":0.9353076579,"14":0.9613077583,"15":0.918950726,"16":0.9123395348,"17":0.9145486217,"18":0.9028263133,"19":0.9044334937,"20":0.9009076719,"21":0.9466252699,"22":0.8872930334,"23":0.8833732353,"24":0.8631381467,"25":0.8696010889,"26":0.886593227,"27":0.880200957,"28":0.8764343613,"29":0.8551219674,"30":0.8553730888,"31":0.8337460591,"32":0.8540044447,"33":0.8347896172,"34":0.8423401989,"35":0.8211068631,"36":0.8009866879,"37":0.7930150732,"38":0.7830515672,"39":0.7914677229,"40":0.7911358945,"41":0.7919506958,"42":0.799075773,"43":0.7720584297,"44":0.7713028903,"45":0.7699875307,"46":0.7692558867,"47":0.768094009,"48":0.7660372325},"Road_loss":{"0":1.0,"1":1.0195690328,"2":1.0175377566,"3":1.017974714,"4":1.0257472656,"5":1.0203000905,"6":1.0177136699,"7":1.0173738104,"8":0.9867664173,"9":0.9853377962,"10":0.983759516,"11":0.9813005143,"12":0.9838191469,"13":0.9872555533,"14":1.0103752401,"15":0.9852336978,"16":0.9795226797,"17":0.9809420599,"18":0.9808552741,"19":0.9770637721,"20":0.978319279,"21":1.0089011437,"22":0.9803178129,"23":0.9809782739,"24":0.9767542064,"25":0.9763725385,"26":0.9763457757,"27":0.9769246259,"28":0.9979345085,"29":0.9762253568,"30":0.9717750548,"31":0.9708970112,"32":0.9684769733,"33":0.966449733,"34":0.9716860452,"35":0.983113545,"36":0.9598269594,"37":0.9566638644,"38":0.9552814266,"39":0.9542278897,"40":0.9532441722,"41":0.9557858708,"42":0.9778036899,"43":0.951940142,"44":0.9493517507,"45":0.948546033,"46":0.9497365903,"47":0.9466724544,"48":0.9468839718},"Power_loss":{"0":1.0,"1":1.0092250348,"2":1.0137363367,"3":1.0113402119,"4":1.0148848092,"5":1.0111570136,"6":1.0136988866,"7":1.0094920046,"8":0.9852816354,"9":0.9842160831,"10":0.9800121333,"11":0.9760077108,"12":0.9823838969,"13":0.9795829688,"14":1.0035446215,"15":0.978362623,"16":0.9757071425,"17":0.9709565985,"18":0.972957555,"19":0.9737891124,"20":0.9740679029,"21":0.9949400693,"22":0.9696668478,"23":0.9688559755,"24":0.9629981461,"25":0.9687061208,"26":0.9664886825,"27":0.9644906486,"28":0.9862776238,"29":0.9656951465,"30":0.9655787021,"31":0.961842017,"32":0.9614215536,"33":0.9575229633,"34":0.9601215367,"35":0.9702040219,"36":0.944791569,"37":0.9440036131,"38":0.9380706344,"39":0.9395437185,"40":0.9392697149,"41":0.9448905829,"42":0.9589611784,"43":0.9379708872,"44":0.9357299847,"45":0.9328884058,"46":0.9308083303,"47":0.9297844076,"48":0.9289157236},"TFI_burnt":{"0":1.0,"1":0.897856691,"2":0.90157987,"3":0.8958703306,"4":0.9005474253,"5":0.8962526591,"6":0.8994686983,"7":0.8941049,"8":1.0004044146,"9":0.9989124543,"10":0.9992562962,"11":0.9972090876,"12":1.0005286688,"13":1.0006339194,"14":0.8999198555,"15":1.0000267983,"16":1.000151875,"17":0.9995248585,"18":0.9997561347,"19":1.0025182946,"20":1.0012513067,"21":0.8970580128,"22":0.9991484774,"23":0.9999565994,"24":0.999866718,"25":0.9985664513,"26":0.9974542184,"27":0.9995844696,"28":0.8979079309,"29":0.9989981641,"30":0.9994860752,"31":0.9987238306,"32":1.0006382767,"33":1.0006308235,"34":0.999705201,"35":0.8958351299,"36":0.9994996892,"37":0.9985178082,"38":0.9991766016,"39":0.9985911169,"40":0.9986574693,"41":0.9999466372,"42":0.8982473699,"43":0.9989773637,"44":0.997985901,"45":1.00038814,"46":0.9979483775,"47":0.9987015567,"48":0.9993862129}}