{"Fire_area":{"0":1.0,"1":0.9696391973,"2":0.946147246,"3":0.9236076738,"4":0.8844102011,"5":0.8407845112,"6":0.8227022284,"7":0.9898837021,"8":0.9567363522,"9":0.9318163574,"10":0.9107837731,"11":0.8683204276,"12":0.8283590366,"13":0.8095031719,"14":0.9785819933,"15":0.9453895559,"16":0.9237649779,"17":0.9018169862,"18":0.8609079289,"19":0.8210110055,"20":0.8012142873,"21":0.9668215298,"22":0.9320036431,"23":0.912009211,"24":0.8904950334,"25":0.848647406,"26":0.8082863227,"27":0.7926369251,"28":0.9513296991,"29":0.9195941479,"30":0.8962458456,"31":0.876615808,"32":0.834872397,"33":0.7938301261,"34":0.7790725751,"35":0.9093341364,"36":0.8739636304,"37":0.8528676301,"38":0.8341687973,"39":0.7925001349,"40":0.7562694994,"41":0.737835242,"42":0.881524278,"43":0.8461850179,"44":0.8222988002,"45":0.8054839319,"46":0.7641488475,"47":0.7287441977,"48":0.7120051927},"House_loss":{"0":1.0,"1":0.9909217524,"2":0.9879536791,"3":0.9753160777,"4":0.9749400571,"5":0.9609997949,"6":0.9495969853,"7":0.98026376,"8":0.960854458,"9":0.9521387191,"10":0.9484273351,"11":0.9462192408,"12":0.9342003259,"13":0.9248603514,"14":0.9579268648,"15":0.9434162718,"16":0.946536998,"17":0.9330395251,"18":0.936713993,"19":0.9309717096,"20":0.911777679,"21":0.9437805123,"22":0.9335003927,"23":0.9242907048,"24":0.9147740898,"25":0.9141536627,"26":0.9150174275,"27":0.8910413643,"28":0.9044818401,"29":0.8953582458,"30":0.8777830096,"31":0.8782343391,"32":0.8651865172,"33":0.8722541842,"34":0.8628943977,"35":0.8191584434,"36":0.8118354313,"37":0.8072528995,"38":0.7999171796,"39":0.7988595222,"40":0.8020103756,"41":0.7884193186,"42":0.7901878756,"43":0.7764659931,"44":0.7701541251,"45":0.7701968149,"46":0.7619355362,"47":0.7561824513,"48":0.7567084433},"Life_loss":{"0":1.0,"1":0.9993439248,"2":0.9989745936,"3":1.0000188005,"4":1.0002278736,"5":1.0015726541,"6":1.0013492471,"7":0.9995470073,"8":0.998919265,"9":0.9984845128,"10":1.0005117013,"11":1.0007095534,"12":1.0012126336,"13":1.0010632091,"14":0.9967096149,"15":0.9972152895,"16":0.9949127795,"17":0.9980559091,"18":1.0007149161,"19":0.9995002053,"20":1.0000529637,"21":0.9882439384,"22":0.9879560769,"23":0.9869415465,"24":0.994964821,"25":0.9947407269,"26":0.995467576,"27":0.9941180986,"28":0.9925699378,"29":0.9897601211,"30":0.990508382,"31":0.9974115045,"32":0.998034249,"33":0.9987411432,"34":0.9964925832,"35":0.9948549916,"36":0.9958048449,"37":0.9955883777,"38":0.9986398519,"39":0.9970978732,"40":0.998554268,"41":0.9968654359,"42":0.9943294768,"43":0.9955589944,"44":0.9955396057,"45":0.9968973194,"46":0.9971991755,"47":0.9961946184,"48":0.9974465777},"Road_loss":{"0":1.0,"1":0.9596007406,"2":0.9186657859,"3":0.8969193773,"4":0.8634132822,"5":0.8245307441,"6":0.8238395286,"7":0.9665024454,"8":0.9269857038,"9":0.8916767145,"10":0.8638346825,"11":0.8362223578,"12":0.7961449572,"13":0.7976206509,"14":0.9454922838,"15":0.904740987,"16":0.8670406127,"17":0.8385810047,"18":0.8167621009,"19":0.77751218,"20":0.7772861978,"21":0.927160725,"22":0.8833349024,"23":0.8526977194,"24":0.8267258849,"25":0.805784967,"26":0.7689728618,"27":0.7661439415,"28":0.8977101077,"29":0.8633788188,"30":0.8272901399,"31":0.8079314719,"32":0.7878473085,"33":0.7450090962,"34":0.7471239261,"35":0.8085402261,"36":0.7745601886,"37":0.743246717,"38":0.7261396187,"39":0.7085748621,"40":0.6683306922,"41":0.6678753572,"42":0.7688849539,"43":0.7461799175,"44":0.7130916696,"45":0.6916666753,"46":0.6768288476,"47":0.6429296115,"48":0.6435569738},"Power_loss":{"0":1.0,"1":0.9108655746,"2":0.9390301947,"3":0.8639131846,"4":0.9149992522,"5":0.9028957763,"6":0.8866832224,"7":0.9858032395,"8":0.8928680266,"9":0.9268643635,"10":0.8478029234,"11":0.8965757369,"12":0.8891807234,"13":0.8685522142,"14":0.9683449269,"15":0.8772088436,"16":0.9082256128,"17":0.8334701402,"18":0.8777882903,"19":0.8676176438,"20":0.8521988471,"21":0.9566795243,"22":0.8671212499,"23":0.8997995578,"24":0.8257397702,"25":0.8653661511,"26":0.8557946432,"27":0.8379884978,"28":0.9577888854,"29":0.8668278143,"30":0.9017543849,"31":0.8243726054,"32":0.8767195011,"33":0.8625488069,"34":0.8454188068,"35":0.8905383586,"36":0.7979379894,"37":0.8365467124,"38":0.7625135161,"39":0.7996709541,"40":0.7849146779,"41":0.7725742425,"42":0.880135985,"43":0.7864841542,"44":0.8207909854,"45":0.7503695358,"46":0.7909683477,"47":0.7749980109,"48":0.7626458237},"TFI_burnt":{"0":1.0,"1":0.653488127,"2":0.4915601356,"3":0.4113598605,"4":0.3383894578,"5":0.351553811,"6":0.4011209855,"7":0.9294246544,"8":0.5955758193,"9":0.4622264248,"10":0.3910302437,"11":0.3262066365,"12":0.3372358181,"13":0.3829387843,"14":0.8103480351,"15":0.5517098612,"16":0.4366459461,"17":0.3754762561,"18":0.3143217858,"19":0.3267052442,"20":0.3689377182,"21":0.7445773831,"22":0.5279000034,"23":0.4250897989,"24":0.3686217269,"25":0.3086101481,"26":0.3202788437,"27":0.362340358,"28":0.6672393408,"29":0.4936422551,"30":0.4016903373,"31":0.3488493868,"32":0.2972107492,"33":0.3088694476,"34":0.3470408799,"35":0.5883024732,"36":0.4554858362,"37":0.3784238808,"38":0.3312254126,"39":0.2856210151,"40":0.2977758901,"41":0.3306339918,"42":0.5795139491,"43":0.4488283279,"44":0.3755848863,"45":0.3310896524,"46":0.2882554097,"47":0.2982104772,"48":0.3321546169}}