{"Fire_area":{"0":1.0,"1":0.9883026608,"2":0.9780762986,"3":0.9618109347,"4":0.9500584806,"5":0.9544064844,"6":0.9650000102,"7":0.9967114736,"8":0.9782978868,"9":0.9594164963,"10":0.9446292083,"11":0.9312349525,"12":0.92997765,"13":0.9396042545,"14":0.9899978321,"15":0.9740293418,"16":0.955303354,"17":0.9428553875,"18":0.9266542424,"19":0.9276426744,"20":0.9400451194,"21":0.9882088884,"22":0.9659820748,"23":0.9453778238,"24":0.9347249856,"25":0.9243561814,"26":0.9199830117,"27":0.9343473262,"28":0.9939353579,"29":0.9520172525,"30":0.9390569501,"31":0.9388871613,"32":0.9255971542,"33":0.9181832006,"34":0.9330341605,"35":0.9732284725,"36":0.9502345393,"37":0.9277395696,"38":0.9158260579,"39":0.9067193175,"40":0.9056597139,"41":0.9171292029,"42":0.9647039682,"43":0.9393482901,"44":0.9178446276,"45":0.9039361796,"46":0.8927225608,"47":0.8953732074,"48":0.9064568467},"House_loss":{"0":1.0,"1":0.9959656846,"2":0.9709869063,"3":0.9580087443,"4":0.948739025,"5":0.9364837274,"6":0.9577416163,"7":0.9925205441,"8":0.9747415376,"9":0.9594701328,"10":0.9403673426,"11":0.9305051867,"12":0.916635557,"13":0.9303811383,"14":0.9753933153,"15":0.9673274833,"16":0.942475644,"17":0.937447915,"18":0.9246030042,"19":0.9039474434,"20":0.9128627125,"21":0.966982801,"22":0.9403361874,"23":0.933263614,"24":0.910463895,"25":0.9039791313,"26":0.8892047481,"27":0.8995090736,"28":0.952069932,"29":0.9242656304,"30":0.9071937782,"31":0.8944845901,"32":0.8889764618,"33":0.875378477,"34":0.88131137,"35":0.9151980505,"36":0.8954957683,"37":0.8712609556,"38":0.855644934,"39":0.8473877912,"40":0.8356834751,"41":0.85786481,"42":0.8707790263,"43":0.835105698,"44":0.8260941754,"45":0.8148514251,"46":0.8061819353,"47":0.792502729,"48":0.8039837008},"Life_loss":{"0":1.0,"1":1.015656765,"2":0.9822434227,"3":0.973092554,"4":0.936975767,"5":0.8919213462,"6":0.9160203331,"7":1.0027280309,"8":0.9784169194,"9":0.9355285324,"10":0.9818572385,"11":0.8981131219,"12":0.8659460091,"13":0.8888648942,"14":0.9793631386,"15":0.9483863918,"16":0.9431440072,"17":0.9549635773,"18":0.9028838254,"19":0.8517598094,"20":0.8696351618,"21":0.9555110304,"22":0.9375776441,"23":0.9311591059,"24":0.921778258,"25":0.8798607196,"26":0.8297382689,"27":0.8316793847,"28":0.9458115776,"29":0.8924334151,"30":0.9040788154,"31":0.8590896916,"32":0.8517747719,"33":0.8034458062,"34":0.7929590457,"35":0.9008943183,"36":0.8454145572,"37":0.8404001458,"38":0.8205975395,"39":0.7926135549,"40":0.7809516671,"41":0.7920902761,"42":0.8184973631,"43":0.7919731474,"44":0.771754183,"45":0.7894820907,"46":0.7329037827,"47":0.7159819765,"48":0.7165635486},"Road_loss":{"0":1.0,"1":0.9753887939,"2":0.9724813966,"3":0.9508715093,"4":0.9506380599,"5":0.9471459554,"6":0.9673269238,"7":0.9974775172,"8":0.9550249637,"9":0.9503819153,"10":0.9347880448,"11":0.9199270379,"12":0.9245041956,"13":0.9380075402,"14":0.9984531968,"15":0.9528404758,"16":0.9503051062,"17":0.9343328344,"18":0.9106564954,"19":0.9207994134,"20":0.9378932425,"21":0.9895271734,"22":0.9530399586,"23":0.946408285,"24":0.9251502953,"25":0.911934254,"26":0.9184795825,"27":0.9364676471,"28":0.9937170985,"29":0.9478166018,"30":0.9330665387,"31":0.9172740143,"32":0.9237607031,"33":0.912232993,"34":0.9354027312,"35":0.9670070486,"36":0.9273059471,"37":0.9198717723,"38":0.8993061547,"39":0.8991931383,"40":0.9017042602,"41":0.919732372,"42":0.9666314863,"43":0.9177091335,"44":0.9112433172,"45":0.8867777441,"46":0.8859020514,"47":0.8960317908,"48":0.9060190937},"Power_loss":{"0":1.0,"1":0.9852951146,"2":0.9852526364,"3":0.964802934,"4":0.9654632618,"5":0.9655642113,"6":0.9834320402,"7":0.9974144377,"8":0.968076568,"9":0.9643417118,"10":0.9452824159,"11":0.936977321,"12":0.9411071723,"13":0.9526012637,"14":0.998021655,"15":0.9656673666,"16":0.9646028952,"17":0.9476975638,"18":0.9334003866,"19":0.939351082,"20":0.9530643901,"21":0.9903422555,"22":0.9637029617,"23":0.9580395798,"24":0.9402497873,"25":0.9318007066,"26":0.9378075721,"27":0.951649541,"28":0.9948991087,"29":0.9579415204,"30":0.9492815809,"31":0.9340889453,"32":0.9410775899,"33":0.9303503699,"34":0.9492832295,"35":0.9755378776,"36":0.9454177978,"37":0.9412301997,"38":0.9208620539,"39":0.9212025297,"40":0.923463718,"41":0.939465173,"42":0.9780826131,"43":0.9373786701,"44":0.9323682411,"45":0.9119782685,"46":0.9140973201,"47":0.9176759405,"48":0.9314358308},"TFI_burnt":{"0":1.0,"1":0.8681571352,"2":0.8149927905,"3":0.780121265,"4":0.7430313631,"5":0.7544155559,"6":0.9465633526,"7":1.0117539113,"8":0.8754282431,"9":0.8063181632,"10":0.7426759848,"11":0.6806716681,"12":0.6786886362,"13":0.6603272963,"14":1.0517802037,"15":0.8699645315,"16":0.8212998106,"17":0.7575490126,"18":0.6929932546,"19":0.6885887104,"20":0.6701075626,"21":1.1130928627,"22":0.8702071959,"23":0.8231834776,"24":0.7859484193,"25":0.7104892283,"26":0.7076293131,"27":0.6869548686,"28":1.2286433387,"29":0.8325283091,"30":0.7918749403,"31":0.7582690068,"32":0.7475221559,"33":0.7072375785,"34":0.700420445,"35":1.4133942544,"36":0.8690759407,"37":0.8182008674,"38":0.7850736541,"39":0.7210099964,"40":0.7608135469,"41":0.735685695,"42":4.6616271144,"43":0.881940489,"44":0.8281153448,"45":0.7951847158,"46":0.7568798363,"47":0.7679298962,"48":0.9406120387}}