{
    "0": {
        "Fire_area": 795.4223875029,
        "House_loss": 1.5250373309,
        "Life_loss": 0.8568564172,
        "Road_loss": 6414.0551940945,
        "Power_loss": 382.1640802198,
        "TFI_burnt": 8.8225691792
    },
    "1": {
        "Fire_area": 682.3506902037,
        "House_loss": 1.4276652852,
        "Life_loss": 0.7546467256,
        "Road_loss": 5325.6195553258,
        "Power_loss": 305.7959510916,
        "TFI_burnt": 14.6327762986
    },
    "2": {
        "Fire_area": 578.9626364847,
        "House_loss": 1.1631510402,
        "Life_loss": 0.6269956643,
        "Road_loss": 4231.3785184233,
        "Power_loss": 256.3864212862,
        "TFI_burnt": 18.1488284031
    },
    "3": {
        "Fire_area": 507.5015032196,
        "House_loss": 1.301372703,
        "Life_loss": 0.7106665261,
        "Road_loss": 3559.6843843086,
        "Power_loss": 214.6078991791,
        "TFI_burnt": 19.1254259985
    },
    "4": {
        "Fire_area": 438.451006077,
        "House_loss": 1.0937121173,
        "Life_loss": 0.6059727604,
        "Road_loss": 2806.2570308102,
        "Power_loss": 195.8919783938,
        "TFI_burnt": 22.245913686
    },
    "5": {
        "Fire_area": 358.1381383938,
        "House_loss": 0.9928506626,
        "Life_loss": 0.5136500252,
        "Road_loss": 2237.3227191128,
        "Power_loss": 167.6722908887,
        "TFI_burnt": 21.6039829938
    },
    "6": {
        "Fire_area": 311.2217737283,
        "House_loss": 1.08975351,
        "Life_loss": 0.5703451705,
        "Road_loss": 1948.6609296873,
        "Power_loss": 156.4724984783,
        "TFI_burnt": 19.3408446778
    },
    "7": {
        "Fire_area": 791.4000332398,
        "House_loss": 1.4666278617,
        "Life_loss": 0.7906146888,
        "Road_loss": 6386.3656829053,
        "Power_loss": 378.1395571714,
        "TFI_burnt": 9.3475211418
    },
    "8": {
        "Fire_area": 682.1865277232,
        "House_loss": 1.3709749574,
        "Life_loss": 0.7341173782,
        "Road_loss": 5307.4888871924,
        "Power_loss": 300.5006028106,
        "TFI_burnt": 15.29140652
    },
    "9": {
        "Fire_area": 573.0815527318,
        "House_loss": 1.135816746,
        "Life_loss": 0.6422407052,
        "Road_loss": 4199.0394376626,
        "Power_loss": 255.3774597036,
        "TFI_burnt": 19.1076405372
    },
    "10": {
        "Fire_area": 509.4288349515,
        "House_loss": 1.2409155878,
        "Life_loss": 0.6895085618,
        "Road_loss": 3533.3174744592,
        "Power_loss": 210.8173773522,
        "TFI_burnt": 20.160205787
    },
    "11": {
        "Fire_area": 433.1535110833,
        "House_loss": 1.101843262,
        "Life_loss": 0.6007922671,
        "Road_loss": 2781.5119028673,
        "Power_loss": 194.517621916,
        "TFI_burnt": 22.8181096219
    },
    "12": {
        "Fire_area": 353.4543626314,
        "House_loss": 0.9606365132,
        "Life_loss": 0.4780490532,
        "Road_loss": 2216.1496727495,
        "Power_loss": 166.6051031425,
        "TFI_burnt": 22.0301595429
    },
    "13": {
        "Fire_area": 309.3478488223,
        "House_loss": 1.0107509677,
        "Life_loss": 0.564553232,
        "Road_loss": 1932.5700497429,
        "Power_loss": 155.6170181357,
        "TFI_burnt": 20.029451683
    },
    "14": {
        "Fire_area": 793.7023679161,
        "House_loss": 1.4115752764,
        "Life_loss": 0.8147459508,
        "Road_loss": 6377.093866322,
        "Power_loss": 381.4571413241,
        "TFI_burnt": 9.6942513336
    },
    "15": {
        "Fire_area": 684.3278925469,
        "House_loss": 1.2631167965,
        "Life_loss": 0.6823385052,
        "Road_loss": 5290.4612514394,
        "Power_loss": 301.570985408,
        "TFI_burnt": 15.6830400381
    },
    "16": {
        "Fire_area": 577.3123094251,
        "House_loss": 1.0866387119,
        "Life_loss": 0.5838990215,
        "Road_loss": 4209.6301653073,
        "Power_loss": 252.5793789464,
        "TFI_burnt": 19.0926907152
    },
    "17": {
        "Fire_area": 509.8873471593,
        "House_loss": 1.190884314,
        "Life_loss": 0.6482232403,
        "Road_loss": 3520.043728684,
        "Power_loss": 212.5819744979,
        "TFI_burnt": 19.9754953968
    },
    "18": {
        "Fire_area": 437.923289424,
        "House_loss": 1.0390559266,
        "Life_loss": 0.6008038227,
        "Road_loss": 2764.1162373329,
        "Power_loss": 192.2527812276,
        "TFI_burnt": 22.7698004177
    },
    "19": {
        "Fire_area": 357.4672410583,
        "House_loss": 0.9450932027,
        "Life_loss": 0.5079008771,
        "Road_loss": 2200.1965336094,
        "Power_loss": 165.1788172967,
        "TFI_burnt": 22.0370368502
    },
    "20": {
        "Fire_area": 313.604635344,
        "House_loss": 0.9746669723,
        "Life_loss": 0.5120699744,
        "Road_loss": 1890.3607575194,
        "Power_loss": 154.2846821976,
        "TFI_burnt": 19.850916471
    },
    "21": {
        "Fire_area": 784.5768393552,
        "House_loss": 1.3810670083,
        "Life_loss": 0.8378387445,
        "Road_loss": 6307.3957671004,
        "Power_loss": 375.0817654363,
        "TFI_burnt": 10.4212547299
    },
    "22": {
        "Fire_area": 672.6668865343,
        "House_loss": 1.2078006168,
        "Life_loss": 0.6274582341,
        "Road_loss": 5247.4809900887,
        "Power_loss": 298.3362504892,
        "TFI_burnt": 16.5770953675
    },
    "23": {
        "Fire_area": 566.3620351223,
        "House_loss": 1.0528935682,
        "Life_loss": 0.5897285431,
        "Road_loss": 4155.1244706498,
        "Power_loss": 250.5033427224,
        "TFI_burnt": 20.0404965068
    },
    "24": {
        "Fire_area": 506.4809063269,
        "House_loss": 1.1994021956,
        "Life_loss": 0.6355962858,
        "Road_loss": 3471.8569543766,
        "Power_loss": 209.1409291534,
        "TFI_burnt": 21.1430059309
    },
    "25": {
        "Fire_area": 429.3941074209,
        "House_loss": 1.0846151715,
        "Life_loss": 0.6079961746,
        "Road_loss": 2719.8230054346,
        "Power_loss": 190.0291470447,
        "TFI_burnt": 23.5111961259
    },
    "26": {
        "Fire_area": 348.5835117537,
        "House_loss": 0.9856298784,
        "Life_loss": 0.5387194428,
        "Road_loss": 2175.2691059228,
        "Power_loss": 162.7690754394,
        "TFI_burnt": 22.7686113085
    },
    "27": {
        "Fire_area": 310.3669764342,
        "House_loss": 0.9449417244,
        "Life_loss": 0.5212694685,
        "Road_loss": 1889.1009517829,
        "Power_loss": 150.8486000894,
        "TFI_burnt": 20.6403812338
    },
    "28": {
        "Fire_area": 778.296091496,
        "House_loss": 1.2786582659,
        "Life_loss": 0.7252076759,
        "Road_loss": 6265.3015320102,
        "Power_loss": 375.9920651792,
        "TFI_burnt": 11.2838480309
    },
    "29": {
        "Fire_area": 666.6011839526,
        "House_loss": 1.0663796146,
        "Life_loss": 0.6054763337,
        "Road_loss": 5175.4080177489,
        "Power_loss": 297.0465742837,
        "TFI_burnt": 17.2975912996
    },
    "30": {
        "Fire_area": 568.5713729517,
        "House_loss": 1.0667412852,
        "Life_loss": 0.5980597738,
        "Road_loss": 4087.1234545339,
        "Power_loss": 247.7689909429,
        "TFI_burnt": 20.7591742752
    },
    "31": {
        "Fire_area": 495.8417505959,
        "House_loss": 0.9428512344,
        "Life_loss": 0.5200300735,
        "Road_loss": 3404.1987421952,
        "Power_loss": 204.0921930093,
        "TFI_burnt": 21.4557458541
    },
    "32": {
        "Fire_area": 419.9756662925,
        "House_loss": 0.8954033903,
        "Life_loss": 0.4979455675,
        "Road_loss": 2677.0091080689,
        "Power_loss": 189.1824800405,
        "TFI_burnt": 24.1703445273
    },
    "33": {
        "Fire_area": 342.7661707248,
        "House_loss": 0.8580707338,
        "Life_loss": 0.5070525372,
        "Road_loss": 2109.4401918672,