{
    "Fire_area": {
        "0": 1.0,
        "1": 0.7747548082,
        "2": 0.56879998,
        "3": 0.4264453762,
        "4": 0.2888928954,
        "5": 0.1289051379,
        "6": 0.0354450961,
        "7": 0.9919872437,
        "8": 0.7744277873,
        "9": 0.5570845298,
        "10": 0.4302847296,
        "11": 0.2783399869,
        "12": 0.1195747927,
        "13": 0.0317121321,
        "14": 0.9965736241,
        "15": 0.7786935067,
        "16": 0.5655124355,
        "17": 0.4311981118,
        "18": 0.2878416541,
        "19": 0.1275686726,
        "20": 0.0401918907,
        "21": 0.978395057,
        "22": 0.7554641257,
        "23": 0.5436988721,
        "24": 0.4244122897,
        "25": 0.270851043,
        "26": 0.1098717833,
        "27": 0.0337422917,
        "28": 0.9658834534,
        "29": 0.7433809044,
        "30": 0.5480999976,
        "31": 0.403218492,
        "32": 0.2520889776,
        "33": 0.0982833122,
        "34": 0.0106836894,
        "35": 0.9339111465,
        "36": 0.7351914823,
        "37": 0.5298544429,
        "38": 0.378467843,
        "39": 0.2404872684,
        "40": 0.0954895341,
        "41": 0.0034981423,
        "42": 0.9468875218,
        "43": 0.7327622454,
        "44": 0.5257325436,
        "45": 0.3820234638,
        "46": 0.2538629334,
        "47": 0.1051975905,
        "48": 0.0
    },
    "House_loss": {
        "0": 1.0,
        "1": 0.9119773157,
        "2": 0.6728609072,
        "3": 0.7978109551,
        "4": 0.610089294,
        "5": 0.5189122429,
        "6": 0.6065107799,
        "7": 0.9471988266,
        "8": 0.8607302172,
        "9": 0.648151167,
        "10": 0.7431587444,
        "11": 0.6174397114,
        "12": 0.4897911961,
        "13": 0.5350938163,
        "14": 0.8974322196,
        "15": 0.763228262,
        "16": 0.603695055,
        "17": 0.6979313181,
        "18": 0.560681021,
        "19": 0.475740306,
        "20": 0.5024744941,
        "21": 0.8698532607,
        "22": 0.7132233701,
        "23": 0.5731900152,
        "24": 0.7056313392,
        "25": 0.6018658087,
        "26": 0.512384776,
        "27": 0.4756033723,
        "28": 0.7772774877,
        "29": 0.5853811733,
        "30": 0.5857081174,
        "31": 0.4737136046,
        "32": 0.4308215551,
        "33": 0.3970734644,
        "34": 0.4033025925,
        "35": 0.1010449218,
        "36": 0.07211067,
        "37": 0.0673071629,
        "38": 0.0633248801,
        "39": 0.0379391057,
        "40": 0.0234358696,
        "41": 0.0134946609,
        "42": 0.0747177274,
        "43": 0.0767881335,
        "44": 0.0500825829,
        "45": 0.0384010982,
        "46": 0.0232752023,
        "47": 0.0090012167,
        "48": 0.0
    },
    "Life_loss": {
        "0": 1.0,
        "1": 0.8357209931,
        "2": 0.6305507275,
        "3": 0.7650327503,
        "4": 0.5967611551,
        "5": 0.4483731988,
        "6": 0.5394978468,
        "7": 0.8935313747,
        "8": 0.8027247014,
        "9": 0.6550536894,
        "10": 0.7310260989,
        "11": 0.5884346815,
        "12": 0.3911526728,
        "13": 0.530188613,
        "14": 0.932316931,
        "15": 0.7195018514,
        "16": 0.5612826027,
        "17": 0.6646692641,
        "18": 0.5884532545,
        "19": 0.439132741,
        "20": 0.4458336239,
        "21": 0.969433384,
        "22": 0.631294204,
        "23": 0.5706522428,
        "24": 0.6443742851,
        "25": 0.6000133367,
        "26": 0.4886666285,
        "27": 0.460619734,
        "28": 0.7884043662,
        "29": 0.5959632613,
        "30": 0.5840428154,
        "31": 0.4586276862,
        "32": 0.4231318281,
        "33": 0.4377692262,
        "34": 0.3831474541,
        "35": 0.0460408196,
        "36": 0.0308674316,
        "37": 0.0247937702,
        "38": 0.0189513611,
        "39": 0.0083814869,
        "40": 0.0043553652,
        "41": 0.0,
        "42": 0.077730286,
        "43": 0.0454432171,
        "44": 0.0379023559,
        "45": 0.0216596987,
        "46": 0.0132518695,
        "47": 0.0112735893,
        "48": 0.0019871564
    },
    "Road_loss": {
        "0": 1.0,
        "1": 0.7643457448,
        "2": 0.5274345785,
        "3": 0.3820078989,
        "4": 0.2188853811,
        "5": 0.0957069526,
        "6": 0.0332095696,
        "7": 0.9940050189,
        "8": 0.7604203229,
        "9": 0.5204329316,
        "10": 0.3762992706,
        "11": 0.2135278804,
        "12": 0.0911228336,
        "13": 0.0297257767,
        "14": 0.9919976029,
        "15": 0.7567337155,
        "16": 0.5227259014,
        "17": 0.3734254078,
        "18": 0.2097615919,
        "19": 0.0876688626,
        "20": 0.020587157,
        "21": 0.976907456,
        "22": 0.7474281754,
        "23": 0.5109250209,
        "24": 0.3629926197,
        "25": 0.2001717841,
        "26": 0.0822718927,
        "27": 0.0203143999,
        "28": 0.9677937471,
        "29": 0.7318238512,
        "30": 0.4962023049,
        "31": 0.3483441232,
        "32": 0.190902263,
        "33": 0.0680194526,
        "34": 0.0093337593,
        "35": 0.9508993518,
        "36": 0.7181408746,
        "37": 0.4872483535,
        "38": 0.3401185377,
        "39": 0.1769248362,
        "40": 0.0639369032,
        "41": 0.0046406979,
        "42": 0.9427680997,
        "43": 0.711949036,
        "44": 0.4768799495,
        "45": 0.3370301988,
        "46": 0.176265096,
        "47": 0.0581018295,
        "48": 0.0
    },
    "Power_loss": {
        "0": 1.0,
        "1": 0.6802407197,
        "2": 0.4733591858,
        "3": 0.2984292731,
        "4": 0.220064261,
        "5": 0.1019062405,
        "6": 0.0550118409,
        "7": 0.9831490098,
        "8": 0.6580686857,
        "9": 0.4691345854,
        "10": 0.2825580642,
        "11": 0.2143097238,
        "12": 0.0974378426,
        "13": 0.0514298784,
        "14": 0.997039992,
        "15": 0.6625504606,
        "16": 0.4574188042,
        "17": 0.2899465693,
        "18": 0.2048266602,
        "19": 0.0914658731,
        "20": 0.0458512845,
        "21": 0.9703457986,
        "22": 0.6490063746,
        "23": 0.4487262795,
        "24": 0.2755386455,
        "25": 0.1955161314,
        "26": 0.0813760971,
        "27": 0.0314641421,
        "28": 0.9741572943,
        "29": 0.6436064003,
        "30": 0.4372773365,
        "31": 0.2543991957,
        "32": 0.191971071,
        "33": 0.070385971,
        "34": 0.0201698983,
        "35": 0.9436446118,
        "36": 0.6251769918,
        "37": 0.4184426531,
        "38": 0.2511996236,
        "39": 0.1862114865,
        "40": 0.0610952394,
        "41": 0.0108176215,
        "42": 0.9402407188,
        "43": 0.6196211942,
        "44": 0.4115970455,
        "45": 0.2431380742,
        "46": 0.1819056336,
        "47": 0.0544305275,
        "48": 0.0
    },
    "TFI_burnt": {
        "0": 1.0,
        "1": 0.6422750493,
        "2": 0.4257974711,
        "3": 0.3656699543,
        "4": 0.1735466304,
        "5": 0.2130692533,
        "6": 0.3524069785,
        "7": 0.9676795661,
        "8": 0.6017242636,
        "9": 0.366764976,
        "10": 0.3019602549,
        "11": 0.1383174623,
        "12": 0.1868302601,
        "13": 0.3100105713,
        "14": 0.9463319552,
        "15": 0.5776120284,
        "16": 0.3676854121,
        "17": 0.3133325716,
        "18": 0.141291781,
        "19": 0.1864068356,
        "20": 0.3210026923,
        "21": 0.901571545,
        "22": 0.5225665038,
        "23": 0.3093305595,
        "24": 0.2414508572,
        "25": 0.0956452597,
        "26": 0.1413649926,
        "27": 0.2723966379,
        "28": 0.8484630861,
        "29": 0.4782067476,
        "30": 0.2650827446,
        "31": 0.2221959716,
        "32": 0.0550625706,
        "33": 0.1165427788,
        "34": 0.2408249707,
        "35": 0.7884353425,
        "36": 0.4437050698,
        "37": 0.2488027914,
        "38": 0.2109411035,
        "39": 0.0488763182,
        "40": 0.0808055277,
        "41": 0.2422274538,