{
    "Fire_area": {
        "0": 0.9320423946,
        "1": 0.9132244047,
        "2": 0.7782178256,
        "3": 0.7261145069,
        "4": 0.4391253021,
        "5": 0.3123896291,
        "6": 0.3164154246,
        "7": 1.0,
        "8": 0.7545758623,
        "9": 0.5855916835,
        "10": 0.4848451745,
        "11": 0.2164215177,
        "12": 0.1374074521,
        "13": 0.1112593781,
        "14": 0.9173984619,
        "15": 0.65017443,
        "16": 0.5710768993,
        "17": 0.4629046747,
        "18": 0.1856260009,
        "19": 0.1045564687,
        "20": 0.0782186922,
        "21": 0.9642461006,
        "22": 0.6246334764,
        "23": 0.5411964773,
        "24": 0.4766313951,
        "25": 0.1888163057,
        "26": 0.0983003634,
        "27": 0.0861372216,
        "28": 0.7313760507,
        "29": 0.4078580212,
        "30": 0.3166451711,
        "31": 0.2620943995,
        "32": 0.1887839106,
        "33": 0.0216968791,
        "34": 0.0089178259,
        "35": 0.7492608688,
        "36": 0.4046257158,
        "37": 0.3128398052,
        "38": 0.2426845483,
        "39": 0.0895215234,
        "40": 0.0377175327,
        "41": 0.0,
        "42": 0.7458056203,
        "43": 0.3810177638,
        "44": 0.2770465938,
        "45": 0.2204120188,
        "46": 0.0824967885,
        "47": 0.0034892667,
        "48": 0.0246388249
    },
    "House_loss": {
        "0": 0.9836214324,
        "1": 1.0,
        "2": 0.9426073009,
        "3": 0.9866066781,
        "4": 0.7998635415,
        "5": 0.8271800613,
        "6": 0.828296917,
        "7": 0.9484777837,
        "8": 0.7668854221,
        "9": 0.6358618647,
        "10": 0.6139799,
        "11": 0.4067191157,
        "12": 0.4187147806,
        "13": 0.3888712983,
        "14": 0.8546951424,
        "15": 0.6267281948,
        "16": 0.6000515814,
        "17": 0.5484867891,
        "18": 0.3329950007,
        "19": 0.3568723759,
        "20": 0.325685267,
        "21": 0.8527138769,
        "22": 0.5416324838,
        "23": 0.5192106921,
        "24": 0.5253771949,
        "25": 0.303833852,
        "26": 0.3185462073,
        "27": 0.2954439392,
        "28": 0.5830465893,
        "29": 0.2959928255,
        "30": 0.2614811187,
        "31": 0.2646739653,
        "32": 0.2691598404,
        "33": 0.1822791473,
        "34": 0.1708084907,
        "35": 0.4306397388,
        "36": 0.1909787797,
        "37": 0.1600235026,
        "38": 0.1567899828,
        "39": 0.0885290339,
        "40": 0.0813571209,
        "41": 0.0696846762,
        "42": 0.3254648813,
        "43": 0.0941431338,
        "44": 0.069453076,
        "45": 0.0608284467,
        "46": 0.0173393257,
        "47": 0.0,
        "48": 0.0041596549
    },
    "Life_loss": {
        "0": 0.9742529405,
        "1": 1.0,
        "2": 0.9032025898,
        "3": 0.9775923434,
        "4": 0.7593496953,
        "5": 0.7756788415,
        "6": 0.7965835612,
        "7": 0.9876212929,
        "8": 0.6565839322,
        "9": 0.4860368067,
        "10": 0.4490114664,
        "11": 0.2297579947,
        "12": 0.2420532532,
        "13": 0.2234278982,
        "14": 0.8144892106,
        "15": 0.4936444845,
        "16": 0.4568239118,
        "17": 0.3998968667,
        "18": 0.1823963702,
        "19": 0.2160642247,
        "20": 0.208109615,
        "21": 0.8352698105,
        "22": 0.3955598522,
        "23": 0.3701198776,
        "24": 0.3976640016,
        "25": 0.1662397233,
        "26": 0.1758388082,
        "27": 0.1599338647,
        "28": 0.5477975611,
        "29": 0.1699789043,
        "30": 0.1467529863,
        "31": 0.1499626654,
        "32": 0.1342244284,
        "33": 0.0855240637,
        "34": 0.0818581189,
        "35": 0.4021820352,
        "36": 0.1159939464,
        "37": 0.0887995954,
        "38": 0.0716273048,
        "39": 0.0307723124,
        "40": 0.0282420835,
        "41": 0.0266027883,
        "42": 0.3490814187,
        "43": 0.067022975,
        "44": 0.0467418825,
        "45": 0.0456593291,
        "46": 0.0058215747,
        "47": 0.0,
        "48": 0.0129591253
    },
    "Road_loss": {
        "0": 1.0,
        "1": 0.9480123469,
        "2": 0.8160579448,
        "3": 0.8170923334,
        "4": 0.5362335951,
        "5": 0.4639606104,
        "6": 0.4809234924,
        "7": 0.9981134017,
        "8": 0.7818315295,
        "9": 0.6120737991,
        "10": 0.5321241849,
        "11": 0.2689362721,
        "12": 0.1997299764,
        "13": 0.1878198454,
        "14": 0.9061980326,
        "15": 0.6392844163,
        "16": 0.5770718045,
        "17": 0.4807362201,
        "18": 0.2148279502,
        "19": 0.1434551243,
        "20": 0.1302174804,
        "21": 0.9399085682,
        "22": 0.6111767643,
        "23": 0.5390688391,
        "24": 0.5079454969,
        "25": 0.2191199654,
        "26": 0.1405874655,
        "27": 0.1365584554,
        "28": 0.6735476116,
        "29": 0.3546454424,
        "30": 0.2721046487,
        "31": 0.2455738888,
        "32": 0.2078448261,
        "33": 0.04877301,
        "34": 0.041644595,
        "35": 0.6534874395,
        "36": 0.3141199855,
        "37": 0.2241646496,
        "38": 0.1793779301,
        "39": 0.0646561924,
        "40": 0.0374231654,
        "41": 0.0099531564,
        "42": 0.6406198608,
        "43": 0.2787068605,
        "44": 0.1991535456,
        "45": 0.1628551336,
        "46": 0.0557030319,
        "47": 0.0,
        "48": 0.0401947031
    },
    "Power_loss": {
        "0": 1.0,
        "1": 0.9670500977,
        "2": 0.8854090626,
        "3": 0.8929125588,
        "4": 0.7130627513,
        "5": 0.6683292117,
        "6": 0.6601973796,
        "7": 0.9905463711,
        "8": 0.7909722281,
        "9": 0.6807972676,
        "10": 0.6414160112,
        "11": 0.4366670968,
        "12": 0.3696969874,
        "13": 0.3336573779,
        "14": 0.9045042533,
        "15": 0.6704717037,
        "16": 0.632175602,
        "17": 0.588977104,
        "18": 0.362311717,
        "19": 0.3095250835,
        "20": 0.2680000101,
        "21": 0.8781391269,
        "22": 0.6253755538,
        "23": 0.5764590656,
        "24": 0.5617549142,
        "25": 0.3468961,
        "26": 0.2816307494,
        "27": 0.249072971,
        "28": 0.6590584911,
        "29": 0.4060501097,
        "30": 0.3449230552,
        "31": 0.3311433229,
        "32": 0.3172300697,
        "33": 0.1636299484,
        "34": 0.1347447546,
        "35": 0.5638368963,
        "36": 0.3014771157,
        "37": 0.2415139132,
        "38": 0.2228132422,
        "39": 0.1464117037,
        "40": 0.0873228095,
        "41": 0.0418273124,
        "42": 0.4844551622,
        "43": 0.2144131297,
        "44": 0.1584377973,
        "45": 0.1423284554,
        "46": 0.0718155164,
        "47": 0.0,
        "48": 0.0025383498
    },
    "TFI_burnt": {
        "0": 0.9988373367,
        "1": 0.0239054825,
        "2": 0.0180087195,
        "3": 0.0,
        "4": 0.0111325001,
        "5": 0.0026125182,
        "6": 0.0145984832,
        "7": 0.0329901838,
        "8": 0.9997975501,
        "9": 0.994188756,
        "10": 0.997467219,
        "11": 0.9882125152,
        "12": 0.986093954,
        "13": 0.9897159601,
        "14": 0.0470881521,
        "15": 0.997687187,
        "16": 1.0,
        "17": 0.9930016715,
        "18": 0.9926194676,
        "19": 0.9800529905,
        "20": 0.9982242915,
        "21": 0.0471421729,
        "22": 0.9957929949,
        "23": 0.9888468751,
        "24": 0.9899118515,
        "25": 0.9889866744,
        "26": 0.9926157569,
        "27": 0.9847915777,
        "28": 0.0405930142,
        "29": 0.9884134981,
        "30": 0.9933006,
        "31": 0.9879295509,
        "32": 0.9841379738,
        "33": 0.9877716299,
        "34": 0.9870067044,
        "35": 0.0575634233,
        "36": 0.9812366237,
        "37": 0.9945307464,
        "38": 0.9933059504,
        "39": 0.983766557,
        "40": 0.9876688516,
        "41": 0.9887060407,