{
    "Fire_area": {
        "0": 1.0,
        "1": 0.9287285991,
        "2": 0.8620525165,
        "3": 0.8430907147,
        "4": 0.7450643335,
        "5": 0.6276946477,
        "6": 0.5506497386,
        "7": 0.9026740654,
        "8": 0.8432766966,
        "9": 0.7850260164,
        "10": 0.7613470761,
        "11": 0.6715918568,
        "12": 0.5496238617,
        "13": 0.4770152367,
        "14": 0.8701837325,
        "15": 0.8081841125,
        "16": 0.7403915993,
        "17": 0.7276900567,
        "18": 0.6325035323,
        "19": 0.5109884735,
        "20": 0.4383260367,
        "21": 0.7723304818,
        "22": 0.7229887875,
        "23": 0.6668923289,
        "24": 0.6259096156,
        "25": 0.5549144865,
        "26": 0.4252811266,
        "27": 0.3407478316,
        "28": 0.674826149,
        "29": 0.6129873613,
        "30": 0.5610824669,
        "31": 0.5350427229,
        "32": 0.4468768811,
        "33": 0.3597291106,
        "34": 0.250133688,
        "35": 0.5273488548,
        "36": 0.4663153847,
        "37": 0.4204650939,
        "38": 0.3940697844,
        "39": 0.3007192073,
        "40": 0.1889402953,
        "41": 0.104651431,
        "42": 0.4262215271,
        "43": 0.3611112016,
        "44": 0.2875531395,
        "45": 0.2717251589,
        "46": 0.1988202813,
        "47": 0.0860617541,
        "48": 0.0
    },
    "House_loss": {
        "0": 0.0,
        "1": 0.1367633678,
        "2": 0.2701187082,
        "3": 0.1497403244,
        "4": 0.187478226,
        "5": 0.3435067113,
        "6": 0.3580544378,
        "7": 0.0170709296,
        "8": 0.1000852607,
        "9": 0.2228490228,
        "10": 0.1825487088,
        "11": 0.4194743436,
        "12": 0.4763313825,
        "13": 0.3849044188,
        "14": 0.1330584537,
        "15": 0.1617727262,
        "16": 0.2200743098,
        "17": 0.0921594423,
        "18": 0.2956869288,
        "19": 0.4870441947,
        "20": 0.2686348877,
        "21": 0.0758952085,
        "22": 0.1559135793,
        "23": 0.2595748719,
        "24": 0.2350961248,
        "25": 0.2861669308,
        "26": 0.4864286413,
        "27": 0.4994295801,
        "28": 0.3228909108,
        "29": 0.3320275973,
        "30": 0.438202826,
        "31": 0.4834654637,
        "32": 0.5338256733,
        "33": 0.5145984212,
        "34": 0.6127729113,
        "35": 0.4574487834,
        "36": 0.6387419299,
        "37": 0.6863370733,
        "38": 0.7537647079,
        "39": 0.7023772101,
        "40": 0.8666471368,
        "41": 1.0,
        "42": 0.6517550902,
        "43": 0.6145859648,
        "44": 0.5944281735,
        "45": 0.6079681398,
        "46": 0.8304176829,
        "47": 0.9251798224,
        "48": 0.7864235851
    },
    "Life_loss": {
        "0": 0.0,
        "1": 0.1295317275,
        "2": 0.2434006979,
        "3": 0.2062329013,
        "4": 0.2468289838,
        "5": 0.4780291048,
        "6": 0.4587620858,
        "7": 0.1027327741,
        "8": 0.1674481848,
        "9": 0.3503227308,
        "10": 0.1963240436,
        "11": 0.3731208366,
        "12": 0.5061408021,
        "13": 0.5081795253,
        "14": 0.0927033236,
        "15": 0.1889480163,
        "16": 0.192802989,
        "17": 0.1764120809,
        "18": 0.3213641325,
        "19": 0.5093356225,
        "20": 0.439253291,
        "21": 0.3073110411,
        "22": 0.276385585,
        "23": 0.3794593161,
        "24": 0.2961489469,
        "25": 0.4681549538,
        "26": 0.5642706977,
        "27": 0.6077474044,
        "28": 0.1571084702,
        "29": 0.3160197423,
        "30": 0.3679153785,
        "31": 0.3494294808,
        "32": 0.4315709001,
        "33": 0.6401918796,
        "34": 0.7223276125,
        "35": 0.4506940703,
        "36": 0.5312834434,
        "37": 0.6703642156,
        "38": 0.7419475251,
        "39": 0.7132107989,
        "40": 0.8776575865,
        "41": 0.8614205976,
        "42": 0.4915744169,
        "43": 0.7242726989,
        "44": 0.7238854958,
        "45": 0.7505926568,
        "46": 0.8069137908,
        "47": 1.0,
        "48": 0.9667452088
    },
    "Road_loss": {
        "0": 1.0,
        "1": 0.9368074844,
        "2": 0.8914777869,
        "3": 0.8631417873,
        "4": 0.8296404603,
        "5": 0.6591429334,
        "6": 0.6709282064,
        "7": 0.955931461,
        "8": 0.88440683,
        "9": 0.8244564878,
        "10": 0.8119626024,
        "11": 0.833760463,
        "12": 0.6346156701,
        "13": 0.639865355,
        "14": 0.9487341561,
        "15": 0.9104772899,
        "16": 0.8359789207,
        "17": 0.8593892183,
        "18": 0.784585023,
        "19": 0.6323046342,
        "20": 0.5816694084,
        "21": 0.7664627931,
        "22": 0.7209744762,
        "23": 0.6953508051,
        "24": 0.6587476801,
        "25": 0.6393792569,
        "26": 0.5152806043,
        "27": 0.4752971588,
        "28": 0.6782005108,
        "29": 0.6112789233,
        "30": 0.588979077,
        "31": 0.5282312972,
        "32": 0.5524570625,
        "33": 0.3733116038,
        "34": 0.3541320492,
        "35": 0.4468773721,
        "36": 0.4048911889,
        "37": 0.3427818283,
        "38": 0.2953154396,
        "39": 0.2849623026,
        "40": 0.1616872952,
        "41": 0.1372950971,
        "42": 0.2890787405,
        "43": 0.2722728674,
        "44": 0.1971539611,
        "45": 0.169715899,
        "46": 0.1102720558,
        "47": 0.018410983,
        "48": 0.0
    },
    "Power_loss": {
        "0": 0.0,
        "1": 0.0924635337,
        "2": 0.0156543363,
        "3": 0.0723837229,
        "4": 0.1602323825,
        "5": 0.8373332952,
        "6": 0.2842176775,
        "7": 0.078912942,
        "8": 0.1888489735,
        "9": 0.0351928641,
        "10": 0.0551082941,
        "11": 0.1604395206,
        "12": 0.8102905806,
        "13": 0.2915566241,
        "14": 0.0288718046,
        "15": 0.0414426778,
        "16": 0.0693378123,
        "17": 0.0322223339,
        "18": 0.1820965804,
        "19": 0.8617501152,
        "20": 0.3656527262,
        "21": 0.240410626,
        "22": 0.2514053852,
        "23": 0.2257586596,
        "24": 0.2757124342,
        "25": 0.2870040129,
        "26": 0.8119152565,
        "27": 0.4026914297,
        "28": 0.5918005946,
        "29": 0.7108764011,
        "30": 0.6340951734,
        "31": 0.6457267342,
        "32": 0.7721893844,
        "33": 0.9609040871,
        "34": 0.8637419484,
        "35": 0.8336408543,
        "36": 0.8687179319,
        "37": 0.8465440403,
        "38": 0.9269993218,
        "39": 0.8551672753,
        "40": 0.992170116,
        "41": 1.0,
        "42": 0.2660996061,
        "43": 0.3156610587,
        "44": 0.3070270898,
        "45": 0.3463143643,
        "46": 0.3055844198,
        "47": 0.8719944752,
        "48": 0.4381428638
    },
    "TFI_burnt": {
        "0": 0.0,
        "1": 0.1119199307,
        "2": 0.2530868207,
        "3": 0.3285577173,
        "4": 0.5031384925,
        "5": 0.7267261157,
        "6": 0.8190329037,
        "7": 0.0342941528,
        "8": 0.1432500236,
        "9": 0.2854235945,
        "10": 0.359295695,
        "11": 0.5280312376,
        "12": 0.7496422777,
        "13": 0.8383895618,
        "14": 0.0521030402,
        "15": 0.1512214894,
        "16": 0.2979254786,
        "17": 0.3697144052,
        "18": 0.5378875556,
        "19": 0.7448050553,
        "20": 0.8419314635,
        "21": 0.0497305274,
        "22": 0.1589551401,
        "23": 0.2887768317,
        "24": 0.3658780702,
        "25": 0.5174844972,
        "26": 0.7376511643,
        "27": 0.822660459,
        "28": 0.0881811994,
        "29": 0.184930187,
        "30": 0.3165890118,
        "31": 0.3899615852,
        "32": 0.5340369555,
        "33": 0.7475394432,
        "34": 0.825383635,
        "35": 0.2626729986,
        "36": 0.34636783,
        "37": 0.4800215552,
        "38": 0.5520241323,
        "39": 0.6505575936,
        "40": 0.8591915489,
        "41": 0.9417163427,