{
    "Fire_area": {
        "0": 1.0,
        "1": 0.8974194917,
        "2": 0.8405972585,
        "3": 0.7927901709,
        "4": 0.7122359387,
        "5": 0.5637487149,
        "6": 0.3683887879,
        "7": 0.9239021912,
        "8": 0.824515976,
        "9": 0.7625713072,
        "10": 0.7170768543,
        "11": 0.6394813712,
        "12": 0.4910744141,
        "13": 0.3018526605,
        "14": 0.8523038326,
        "15": 0.7494005171,
        "16": 0.7060222222,
        "17": 0.6336782463,
        "18": 0.5684528258,
        "19": 0.4211633241,
        "20": 0.2318593336,
        "21": 0.8045104776,
        "22": 0.7060401834,
        "23": 0.653969854,
        "24": 0.6013579962,
        "25": 0.5324054889,
        "26": 0.3794788525,
        "27": 0.2099598539,
        "28": 0.8066184715,
        "29": 0.7039586625,
        "30": 0.6527804002,
        "31": 0.5870175703,
        "32": 0.5226799855,
        "33": 0.3696114092,
        "34": 0.195933828,
        "35": 0.6368574329,
        "36": 0.5412256346,
        "37": 0.4886762725,
        "38": 0.4331524541,
        "39": 0.3665050504,
        "40": 0.2262352777,
        "41": 0.058839151,
        "42": 0.5550093352,
        "43": 0.4578496642,
        "44": 0.405335519,
        "45": 0.3468771366,
        "46": 0.2886264295,
        "47": 0.1495578653,
        "48": 0.0
    },
    "House_loss": {
        "0": 0.0,
        "1": 0.2072263167,
        "2": 0.0776873658,
        "3": 0.3014101352,
        "4": 0.336023256,
        "5": 0.6014411306,
        "6": 0.6335339165,
        "7": 0.4918754422,
        "8": 0.6685305665,
        "9": 0.5524855824,
        "10": 0.5820095053,
        "11": 0.6126041791,
        "12": 0.8458243843,
        "13": 0.8642322215,
        "14": 0.1204219135,
        "15": 0.472882136,
        "16": 0.2890010081,
        "17": 0.3806488375,
        "18": 0.3982598731,
        "19": 0.6129344838,
        "20": 0.6741770559,
        "21": 0.3696376353,
        "22": 0.6068794184,
        "23": 0.3830580272,
        "24": 0.6340426798,
        "25": 0.6419762556,
        "26": 0.6749566377,
        "27": 0.914786069,
        "28": 0.7644895774,
        "29": 0.8199729494,
        "30": 0.7926828886,
        "31": 0.8308792681,
        "32": 0.8430003569,
        "33": 0.8889127181,
        "34": 0.9653618324,
        "35": 0.6754372233,
        "36": 0.6862965792,
        "37": 0.6765079743,
        "38": 0.6796654373,
        "39": 0.6868585669,
        "40": 0.6985585563,
        "41": 0.9317771961,
        "42": 0.9074097845,
        "43": 0.9124316692,
        "44": 0.9129169511,
        "45": 0.9184554261,
        "46": 0.9172625719,
        "47": 0.926514236,
        "48": 1.0
    },
    "Life_loss": {
        "0": 0.0,
        "1": 0.2114509392,
        "2": 0.0713144526,
        "3": 0.3004896168,
        "4": 0.3326766417,
        "5": 0.5994718523,
        "6": 0.6284071252,
        "7": 0.5090531549,
        "8": 0.6922088537,
        "9": 0.5647263095,
        "10": 0.5917656675,
        "11": 0.6194353849,
        "12": 0.8567423474,
        "13": 0.8732397091,
        "14": 0.1109851825,
        "15": 0.4790457873,
        "16": 0.2867813136,
        "17": 0.3733162873,
        "18": 0.3892139208,
        "19": 0.6090771763,
        "20": 0.6653323252,
        "21": 0.3633466123,
        "22": 0.6047420443,
        "23": 0.3753379517,
        "24": 0.6294679347,
        "25": 0.6365050679,
        "26": 0.6661464723,
        "27": 0.9191302007,
        "28": 0.7825566155,
        "29": 0.8334674124,
        "30": 0.8081417938,
        "31": 0.8433129501,
        "32": 0.8542257461,
        "33": 0.8959229768,
        "34": 0.968980188,
        "35": 0.6665479033,
        "36": 0.6762773646,
        "37": 0.6674281495,
        "38": 0.6702301054,
        "39": 0.6766949173,
        "40": 0.6871804876,
        "41": 0.9342556035,
        "42": 0.9125073958,
        "43": 0.916994072,
        "44": 0.9174503169,
        "45": 0.9223964622,
        "46": 0.9212953484,
        "47": 0.9295625692,
        "48": 1.0
    },
    "Road_loss": {
        "0": 0.9911155966,
        "1": 0.9615724571,
        "2": 0.5972849448,
        "3": 0.6671237776,
        "4": 0.5995213896,
        "5": 0.5072904647,
        "6": 0.162411241,
        "7": 1.0,
        "8": 0.9650021081,
        "9": 0.5919054632,
        "10": 0.6478447437,
        "11": 0.5910966958,
        "12": 0.4843424082,
        "13": 0.1417403894,
        "14": 0.9050152502,
        "15": 0.8853793051,
        "16": 0.5229281836,
        "17": 0.5556688911,
        "18": 0.5144111579,
        "19": 0.4115472777,
        "20": 0.0646622884,
        "21": 0.8973022412,
        "22": 0.8674216198,
        "23": 0.4906858061,
        "24": 0.5506965462,
        "25": 0.5000834007,
        "26": 0.3771555079,
        "27": 0.0553114505,
        "28": 0.9966280434,
        "29": 0.9509468829,
        "30": 0.605703459,
        "31": 0.6449641213,
        "32": 0.5935286589,
        "33": 0.4833626287,
        "34": 0.1350365846,
        "35": 0.8868677294,
        "36": 0.8441268185,
        "37": 0.4883992068,
        "38": 0.5485710744,
        "39": 0.4809786737,
        "40": 0.3785327459,
        "41": 0.0421541174,
        "42": 0.8450249216,
        "43": 0.8051497256,
        "44": 0.455544583,
        "45": 0.5012966025,
        "46": 0.4472244388,
        "47": 0.3354526256,
        "48": 0.0
    },
    "Power_loss": {
        "0": 0.0,
        "1": 0.2164525859,
        "2": 0.0642493447,
        "3": 0.2992477881,
        "4": 0.3286884999,
        "5": 0.5969791008,
        "6": 0.6225633455,
        "7": 0.5282171539,
        "8": 0.7189549376,
        "9": 0.5784148313,
        "10": 0.6027068918,
        "11": 0.6272500243,
        "12": 0.869042478,
        "13": 0.8835393798,
        "14": 0.100465655,
        "15": 0.4860470877,
        "16": 0.2846203288,
        "17": 0.3650018914,
        "18": 0.3790736445,
        "19": 0.604745597,
        "20": 0.6554721996,
        "21": 0.3561457423,
        "22": 0.6019771089,
        "23": 0.3666455766,
        "24": 0.6240496922,
        "25": 0.6301691556,
        "26": 0.656287347,
        "27": 0.9243988498,
        "28": 0.8026439564,
        "29": 0.8484947392,
        "30": 0.82541452,
        "31": 0.8572102879,
        "32": 0.8668447605,
        "33": 0.9039866898,
        "34": 0.9727720701,
        "35": 0.6566154145,
        "36": 0.6651602342,
        "37": 0.6573150687,
        "38": 0.6597538155,
        "39": 0.6654464564,
        "40": 0.6746624754,
        "41": 0.9375951982,
        "42": 0.9185689561,
        "43": 0.9224973972,
        "44": 0.9229141769,
        "45": 0.9272393119,
        "46": 0.9262484141,
        "47": 0.9334926804,
        "48": 1.0
    },
    "TFI_burnt": {
        "0": 0.0,
        "1": 0.2091587085,
        "2": 0.1969354684,
        "3": 0.1847998599,
        "4": 0.4135145621,
        "5": 0.4867429472,
        "6": 0.5450069172,
        "7": 0.2050308834,
        "8": 0.2536067719,
        "9": 0.2417731768,
        "10": 0.2335118875,
        "11": 0.4237587946,
        "12": 0.4967707612,
        "13": 0.5532757997,
        "14": 0.1768776981,
        "15": 0.2402235892,
        "16": 0.2319062371,
        "17": 0.2112475698,
        "18": 0.4120059515,
        "19": 0.4807718482,
        "20": 0.5364384413,
        "21": 0.207583901,
        "22": 0.2500013471,
        "23": 0.2472314626,
        "24": 0.2353699357,
        "25": 0.4342526705,
        "26": 0.4806928606,
        "27": 0.5313855186,
        "28": 0.4474746852,
        "29": 0.4864698675,
        "30": 0.4762710232,
        "31": 0.4745779048,
        "32": 0.7045536316,
        "33": 0.6709778627,
        "34": 0.7446538115,
        "35": 0.4671023214,
        "36": 0.5104623392,
        "37": 0.4957993942,
        "38": 0.4823355801,
        "39": 0.6017400919,
        "40": 0.6921957372,