{
    "Fire_area": {
        "0": 1.0,
        "1": 0.853285813,
        "2": 0.719837393,
        "3": 0.6407536236,
        "4": 0.4183866349,
        "5": 0.3069301971,
        "6": 0.2716745176,
        "7": 0.9490482004,
        "8": 0.8122527981,
        "9": 0.6926001235,
        "10": 0.6215246724,
        "11": 0.3846579847,
        "12": 0.2715897668,
        "13": 0.2439953992,
        "14": 0.9062912261,
        "15": 0.7641803247,
        "16": 0.647408397,
        "17": 0.5518793393,
        "18": 0.3268177283,
        "19": 0.2297270412,
        "20": 0.1983670411,
        "21": 0.8575872094,
        "22": 0.7251365047,
        "23": 0.6031538407,
        "24": 0.5194617175,
        "25": 0.2993981632,
        "26": 0.1983191109,
        "27": 0.1700383347,
        "28": 0.7817965722,
        "29": 0.6427330151,
        "30": 0.5329104494,
        "31": 0.437100752,
        "32": 0.2275034783,
        "33": 0.1319156386,
        "34": 0.0990638922,
        "35": 0.6593401953,
        "36": 0.5305340507,
        "37": 0.4194354605,
        "38": 0.3235977944,
        "39": 0.1341213482,
        "40": 0.0582940178,
        "41": 0.0359195194,
        "42": 0.5961817807,
        "43": 0.4635797221,
        "44": 0.3654845158,
        "45": 0.2767173467,
        "46": 0.0909570274,
        "47": 0.0210016782,
        "48": 0.0
    },
    "House_loss": {
        "0": 1.0,
        "1": 0.9621769772,
        "2": 0.971884511,
        "3": 0.9087502713,
        "4": 0.8781812044,
        "5": 0.8204734395,
        "6": 0.8022326623,
        "7": 0.797621201,
        "8": 0.790904987,
        "9": 0.7860452823,
        "10": 0.7104373156,
        "11": 0.710265617,
        "12": 0.6229123077,
        "13": 0.6366869284,
        "14": 0.644070125,
        "15": 0.6512434955,
        "16": 0.6185549306,
        "17": 0.5933866168,
        "18": 0.5874930451,
        "19": 0.5414324648,
        "20": 0.5102358664,
        "21": 0.5921014933,
        "22": 0.5829651524,
        "23": 0.5931830475,
        "24": 0.5422933707,
        "25": 0.5092837406,
        "26": 0.4751062999,
        "27": 0.4680929873,
        "28": 0.3250653701,
        "29": 0.2930169476,
        "30": 0.2917966834,
        "31": 0.2905186864,
        "32": 0.2727156119,
        "33": 0.244328575,
        "34": 0.230091239,
        "35": 0.1116221158,
        "36": 0.0947034636,
        "37": 0.1078091193,
        "38": 0.0892342354,
        "39": 0.0892696469,
        "40": 0.0786457154,
        "41": 0.0765094167,
        "42": 0.0203915495,
        "43": 0.0181108052,
        "44": 0.0138190962,
        "45": 0.0132796676,
        "46": 0.0095698296,
        "47": 0.0058247865,
        "48": 0.0
    },
    "Life_loss": {
        "0": 1.0,
        "1": 0.8875967968,
        "2": 0.9925556642,
        "3": 0.876195705,
        "4": 0.8858754399,
        "5": 0.7224377246,
        "6": 0.6427256004,
        "7": 0.7955580682,
        "8": 0.7106336679,
        "9": 0.7163047548,
        "10": 0.6811941083,
        "11": 0.6975395945,
        "12": 0.5851028333,
        "13": 0.577028984,
        "14": 0.5902378598,
        "15": 0.5264757615,
        "16": 0.4942989274,
        "17": 0.5211997358,
        "18": 0.4274924764,
        "19": 0.4639717727,
        "20": 0.4203204319,
        "21": 0.4798579341,
        "22": 0.4292571278,
        "23": 0.4607213441,
        "24": 0.4092446111,
        "25": 0.3315750743,
        "26": 0.3121218368,
        "27": 0.291926693,
        "28": 0.2394742137,
        "29": 0.2295259083,
        "30": 0.2016749956,
        "31": 0.1876121977,
        "32": 0.1768948947,
        "33": 0.1543492828,
        "34": 0.1515649563,
        "35": 0.1134414253,
        "36": 0.0897127468,
        "37": 0.086512879,
        "38": 0.0766039764,
        "39": 0.070766987,
        "40": 0.0713590276,
        "41": 0.0616868405,
        "42": 0.0188117881,
        "43": 0.0124362294,
        "44": 0.0117845212,
        "45": 0.0052577285,
        "46": 0.0041033784,
        "47": 0.0030014631,
        "48": 0.0
    },
    "Road_loss": {
        "0": 1.0,
        "1": 0.7790264766,
        "2": 0.6717135568,
        "3": 0.5638824277,
        "4": 0.3626423777,
        "5": 0.2421799125,
        "6": 0.2105938073,
        "7": 0.9645523145,
        "8": 0.7429848468,
        "9": 0.6267702037,
        "10": 0.5268824389,
        "11": 0.329021017,
        "12": 0.2069964714,
        "13": 0.1784390941,
        "14": 0.9144000819,
        "15": 0.7040418051,
        "16": 0.5909893935,
        "17": 0.4889410088,
        "18": 0.2996308712,
        "19": 0.1769521002,
        "20": 0.1491001452,
        "21": 0.8820723685,
        "22": 0.6741996449,
        "23": 0.5487778036,
        "24": 0.4500552541,
        "25": 0.2660456827,
        "26": 0.1473659695,
        "27": 0.1149714981,
        "28": 0.8150977838,
        "29": 0.6093137268,
        "30": 0.4994345059,
        "31": 0.3929257667,
        "32": 0.2152402317,
        "33": 0.1038050461,
        "34": 0.0779464647,
        "35": 0.7253075571,
        "36": 0.5195217712,
        "37": 0.4221615983,
        "38": 0.3186665458,
        "39": 0.1449712803,
        "40": 0.0457356165,
        "41": 0.0222120724,
        "42": 0.6773001822,
        "43": 0.4719411515,
        "44": 0.3729909089,
        "45": 0.273396507,
        "46": 0.1102037527,
        "47": 0.0170465137,
        "48": 0.0
    },
    "Power_loss": {
        "0": 0.0,
        "1": 0.173200472,
        "2": 0.3503343385,
        "3": 0.4373934706,
        "4": 0.6883440409,
        "5": 0.8797692409,
        "6": 0.9880687033,
        "7": 0.0953192605,
        "8": 0.2573751147,
        "9": 0.4207421004,
        "10": 0.5147502294,
        "11": 0.7331847384,
        "12": 0.8903894061,
        "13": 1.0,
        "14": 0.0936147896,
        "15": 0.2681263931,
        "16": 0.4183820637,
        "17": 0.4828897338,
        "18": 0.6866395699,
        "19": 0.8569555526,
        "20": 0.9621082995,
        "21": 0.1325553953,
        "22": 0.2839910843,
        "23": 0.440409073,
        "24": 0.4936410122,
        "25": 0.6942441327,
        "26": 0.8774092041,
        "27": 0.976530746,
        "28": 0.121804117,
        "29": 0.2601284909,
        "30": 0.4000262226,
        "31": 0.4801363577,
        "32": 0.6626458634,
        "33": 0.8185393995,
        "34": 0.9015340239,
        "35": 0.4482758621,
        "36": 0.5489707618,
        "37": 0.6260652944,
        "38": 0.6560902058,
        "39": 0.7642585551,
        "40": 0.8721646781,
        "41": 0.9402124033,
        "42": 0.5940736856,
        "43": 0.6559590927,
        "44": 0.7253179494,
        "45": 0.7417070932,
        "46": 0.8008391242,
        "47": 0.8754425069,
        "48": 0.9306411433
    },
    "TFI_burnt": {
        "0": 0.0,
        "1": 0.2792030455,
        "2": 0.4631046737,
        "3": 0.7165002194,
        "4": 0.8359056657,
        "5": 0.9499331394,
        "6": 0.8282763025,
        "7": 0.0536958242,
        "8": 0.3545809488,
        "9": 0.5297643038,
        "10": 0.7571517731,
        "11": 0.841731942,
        "12": 0.9230667914,
        "13": 0.8472554025,
        "14": 0.0845178649,
        "15": 0.3514722638,
        "16": 0.5520492736,
        "17": 0.7510283418,
        "18": 0.8629630145,
        "19": 0.9920695535,
        "20": 0.8631091215,
        "21": 0.1452854757,
        "22": 0.419167019,
        "23": 0.5724828348,
        "24": 0.7765219171,
        "25": 0.9111612926,
        "26": 0.9872322914,
        "27": 0.8562832154,
        "28": 0.1743886103,
        "29": 0.4422480946,
        "30": 0.6300003673,
        "31": 0.7950517401,
        "32": 0.8895177856,
        "33": 1.0,
        "34": 0.859710193,
        "35": 0.1219811554,
        "36": 0.3887031914,
        "37": 0.5030038725,
        "38": 0.7292447665,
        "39": 0.8056353372,
        "40": 0.8804563591,
        "41": 0.7494314855,