{
    "Fire_area": {
        "0": 1.0,
        "1": 0.8773377464,
        "2": 0.8074405161,
        "3": 0.7672972537,
        "4": 0.6699313235,
        "5": 0.5175990033,
        "6": 0.3406871108,
        "7": 0.9079239799,
        "8": 0.801647105,
        "9": 0.7329472807,
        "10": 0.6959020158,
        "11": 0.5996675589,
        "12": 0.4379418452,
        "13": 0.287810185,
        "14": 0.8380565754,
        "15": 0.7285256926,
        "16": 0.6737760263,
        "17": 0.6221017605,
        "18": 0.5328436455,
        "19": 0.3759130743,
        "20": 0.2284108735,
        "21": 0.7936798416,
        "22": 0.6900530538,
        "23": 0.6271982726,
        "24": 0.5918484515,
        "25": 0.4970304761,
        "26": 0.3375804707,
        "27": 0.2006111951,
        "28": 0.786839974,
        "29": 0.6808696,
        "30": 0.6168425533,
        "31": 0.5736063552,
        "32": 0.482295624,
        "33": 0.3192532018,
        "34": 0.1868930648,
        "35": 0.6305444748,
        "36": 0.5275612608,
        "37": 0.4629566713,
        "38": 0.4241553977,
        "39": 0.3356089265,
        "40": 0.1803532413,
        "41": 0.0581295742,
        "42": 0.5541251589,
        "43": 0.4503963527,
        "44": 0.3878473424,
        "45": 0.3441473779,
        "46": 0.2644010692,
        "47": 0.1171996717,
        "48": 0.0
    },
    "House_loss": {
        "0": 0.0,
        "1": 0.1704765341,
        "2": 0.0662599893,
        "3": 0.2409727461,
        "4": 0.280238431,
        "5": 0.4978545582,
        "6": 0.5323210128,
        "7": 0.7145824451,
        "8": 0.6720862987,
        "9": 0.5643304582,
        "10": 0.6001962328,
        "11": 0.6362587867,
        "12": 0.8248390235,
        "13": 0.8251150613,
        "14": 0.3363779476,
        "15": 0.4025094837,
        "16": 0.2582018738,
        "17": 0.3164840991,
        "18": 0.34904562,
        "19": 0.5347397593,
        "20": 0.5650055208,
        "21": 0.5284838149,
        "22": 0.5007160583,
        "23": 0.3341204508,
        "24": 0.5261825894,
        "25": 0.5393968712,
        "26": 0.5692499426,
        "27": 0.8838919681,
        "28": 0.801151706,
        "29": 0.8059509363,
        "30": 0.7787926492,
        "31": 0.809020148,
        "32": 0.8275201426,
        "33": 0.869376756,
        "34": 0.9607233829,
        "35": 0.5864763373,
        "36": 0.5888540881,
        "37": 0.5813983361,
        "38": 0.5825872115,
        "39": 0.5888786855,
        "40": 0.5989226329,
        "41": 0.9090141353,
        "42": 0.9009762444,
        "43": 0.8956632012,
        "44": 0.8911782712,
        "45": 0.8980573503,
        "46": 0.8983743837,
        "47": 0.9046795229,
        "48": 1.0
    },
    "Life_loss": {
        "0": 0.0,
        "1": 0.1722545595,
        "2": 0.0606016318,
        "3": 0.23890455,
        "4": 0.2753464737,
        "5": 0.492334155,
        "6": 0.5233685311,
        "7": 0.7351931849,
        "8": 0.6957917251,
        "9": 0.5807239481,
        "10": 0.6138606348,
        "11": 0.6463565103,
        "12": 0.8367814412,
        "13": 0.8363626654,
        "14": 0.3263050205,
        "15": 0.4030562199,
        "16": 0.2528618686,
        "17": 0.3081599442,
        "18": 0.3375951029,
        "19": 0.52546241,
        "20": 0.5528767647,
        "21": 0.520448343,
        "22": 0.4949929595,
        "23": 0.3240790446,
        "24": 0.518329169,
        "25": 0.5300858069,
        "26": 0.5568171917,
        "27": 0.8900081226,
        "28": 0.8148898676,
        "29": 0.8197240577,
        "30": 0.7947352297,
        "31": 0.8225374439,
        "32": 0.8391367036,
        "33": 0.8770063997,
        "34": 0.964884668,
        "35": 0.5720448905,
        "36": 0.5742708664,
        "37": 0.5675929387,
        "38": 0.5685878825,
        "39": 0.5742230866,
        "40": 0.5832000652,
        "41": 0.9123297142,
        "42": 0.9051683675,
        "43": 0.9004325476,
        "44": 0.8964583936,
        "45": 0.9025966908,
        "46": 0.9028412109,
        "47": 0.9084651728,
        "48": 1.0
    },
    "Road_loss": {
        "0": 1.0,
        "1": 0.9449452147,
        "2": 0.5182791078,
        "3": 0.6202302332,
        "4": 0.5145597895,
        "5": 0.4081354999,
        "6": 0.0365415189,
        "7": 0.9370105139,
        "8": 0.9527986722,
        "9": 0.5511583437,
        "10": 0.6267994385,
        "11": 0.5147749191,
        "12": 0.3295657028,
        "13": 0.1123134403,
        "14": 0.8306853097,
        "15": 0.8519225243,
        "16": 0.456812429,
        "17": 0.5128742144,
        "18": 0.4139611546,
        "19": 0.2444307698,
        "20": 0.0277561713,
        "21": 0.8057032318,
        "22": 0.8407480966,
        "23": 0.4395639975,
        "24": 0.5145511087,
        "25": 0.4076789792,
        "26": 0.2384976623,
        "27": 0.0386176599,
        "28": 0.9258513433,
        "29": 0.9394655817,
        "30": 0.5594348734,
        "31": 0.6227627998,
        "32": 0.5135630549,
        "33": 0.3369929194,
        "34": 0.1166065346,
        "35": 0.8212497347,
        "36": 0.8370254574,
        "37": 0.4531743732,
        "38": 0.5227753193,
        "39": 0.4077089342,
        "40": 0.2372473624,
        "41": 0.0325971318,
        "42": 0.7916209112,
        "43": 0.8066024961,
        "44": 0.4222151626,
        "45": 0.4860863039,
        "46": 0.3806365797,
        "47": 0.2020542038,
        "48": 0.0
    },
    "Power_loss": {
        "0": 0.0,
        "1": 0.1745089987,
        "2": 0.0543764145,
        "3": 0.2364670622,
        "4": 0.2697296179,
        "5": 0.486032348,
        "6": 0.513414247,
        "7": 0.7583454937,
        "8": 0.7225023228,
        "9": 0.5991483388,
        "10": 0.6291894946,
        "11": 0.6578995657,
        "12": 0.850362189,
        "13": 0.8493514967,
        "14": 0.3150971808,
        "15": 0.4038458738,
        "16": 0.2472642859,
        "17": 0.2988736751,
        "18": 0.3249594412,
        "19": 0.5151938811,
        "20": 0.5395407903,
        "21": 0.5113316964,
        "22": 0.4884469416,
        "23": 0.3129505518,
        "24": 0.509426818,
        "25": 0.5196648113,
        "26": 0.5431320978,
        "27": 0.8973899671,
        "28": 0.8304920353,
        "29": 0.835248406,
        "30": 0.8126869562,
        "31": 0.8377853313,
        "32": 0.8523835738,
        "33": 0.8859810852,
        "34": 0.9692248543,
        "35": 0.5563235264,
        "36": 0.5583449111,
        "37": 0.5524875557,
        "38": 0.5532972746,
        "39": 0.5582429681,
        "40": 0.5661129704,
        "41": 0.9168261347,
        "42": 0.9105813957,
        "43": 0.9064366832,
        "44": 0.9029735327,
        "45": 0.9083473869,
        "46": 0.908533797,
        "47": 0.9134474513,
        "48": 1.0
    },
    "TFI_burnt": {
        "0": 0.0,
        "1": 0.1704760716,
        "2": 0.0662625536,
        "3": 0.2409748239,
        "4": 0.2802404061,
        "5": 0.4978559366,
        "6": 0.5323222925,
        "7": 0.7145832242,
        "8": 0.6720871892,
        "9": 0.5643316502,
        "10": 0.6001973302,
        "11": 0.6362570389,
        "12": 0.8248394904,
        "13": 0.8251155289,
        "14": 0.3363770273,
        "15": 0.4025111273,
        "16": 0.2581984453,
        "17": 0.3164832295,
        "18": 0.3490446643,
        "19": 0.5347410279,
        "20": 0.5650067148,
        "21": 0.5284851015,
        "22": 0.500717427,
        "23": 0.3341222752,
        "24": 0.5261811544,
        "25": 0.5393981354,
        "26": 0.5692483796,
        "27": 0.8838922813,
        "28": 0.8011522487,
        "29": 0.8059487237,
        "30": 0.7787932535,
        "31": 0.8090179262,
        "32": 0.8275206174,
        "33": 0.8693771175,
        "34": 0.9607234855,
        "35": 0.5864747341,
        "36": 0.5888552067,
        "37": 0.5813994874,
        "38": 0.5825883481,
        "39": 0.5888798042,
        "40": 0.5989237266,
        "41": 0.9090143769,