{
    "0": {
        "Fire_area": 97.6672489211,
        "House_loss": 1.8062527821,
        "Life_loss": 0.3198250547,
        "Road_loss": 713.7230159424,
        "Power_loss": 43.2759176983,
        "TFI_burnt": 16.1848688751
    },
    "1": {
        "Fire_area": 97.6889759382,
        "House_loss": 1.8072077428,
        "Life_loss": 0.3189780586,
        "Road_loss": 703.7089306395,
        "Power_loss": 43.1295484814,
        "TFI_burnt": 16.154463866
    },
    "2": {
        "Fire_area": 96.1250493398,
        "House_loss": 1.8071482412,
        "Life_loss": 0.3187389673,
        "Road_loss": 706.6490408906,
        "Power_loss": 43.1024595382,
        "TFI_burnt": 16.1823101791
    },
    "3": {
        "Fire_area": 96.7065711724,
        "House_loss": 1.8057910225,
        "Life_loss": 0.3189176226,
        "Road_loss": 701.7878982879,
        "Power_loss": 43.1200231324,
        "TFI_burnt": 16.2525422934
    },
    "4": {
        "Fire_area": 95.3750188736,
        "House_loss": 1.8077164888,
        "Life_loss": 0.3194011424,
        "Road_loss": 697.635958204,
        "Power_loss": 42.8288461408,
        "TFI_burnt": 16.284574001
    },
    "5": {
        "Fire_area": 94.4453306166,
        "House_loss": 1.8045202043,
        "Life_loss": 0.3182025152,
        "Road_loss": 686.2894002552,
        "Power_loss": 42.98679965,
        "TFI_burnt": 16.0028910258
    },
    "6": {
        "Fire_area": 94.6115385681,
        "House_loss": 1.8052224081,
        "Life_loss": 0.3186043208,
        "Road_loss": 680.5820520385,
        "Power_loss": 43.038714648,
        "TFI_burnt": 16.4033603577
    },
    "7": {
        "Fire_area": 93.6291970233,
        "House_loss": 1.7150462355,
        "Life_loss": 0.3139582487,
        "Road_loss": 682.5821620296,
        "Power_loss": 43.1615884809,
        "TFI_burnt": 16.2508789829
    },
    "8": {
        "Fire_area": 93.5451560267,
        "House_loss": 1.714005667,
        "Life_loss": 0.313859343,
        "Road_loss": 675.2505621844,
        "Power_loss": 42.2727777695,
        "TFI_burnt": 16.2308986397
    },
    "9": {
        "Fire_area": 92.6548114641,
        "House_loss": 1.7135143577,
        "Life_loss": 0.3137023813,
        "Road_loss": 674.4069920242,
        "Power_loss": 42.8183020267,
        "TFI_burnt": 16.2654817385
    },
    "10": {
        "Fire_area": 92.4934773098,
        "House_loss": 1.7133689777,
        "Life_loss": 0.3138485286,
        "Road_loss": 669.3434276531,
        "Power_loss": 43.084351666,
        "TFI_burnt": 16.3783576707
    },
    "11": {
        "Fire_area": 91.1551317927,
        "House_loss": 1.7144644371,
        "Life_loss": 0.3132615506,
        "Road_loss": 665.225398232,
        "Power_loss": 42.7899738061,
        "TFI_burnt": 16.3624899937
    },
    "12": {
        "Fire_area": 90.3616126722,
        "House_loss": 1.7101475497,
        "Life_loss": 0.3127612887,
        "Road_loss": 655.3647805849,
        "Power_loss": 42.6947209053,
        "TFI_burnt": 16.0737917565
    },
    "13": {
        "Fire_area": 91.0079305684,
        "House_loss": 1.7114895128,
        "Life_loss": 0.3134727323,
        "Road_loss": 650.6245616038,
        "Power_loss": 42.7547156287,
        "TFI_burnt": 16.4730156373
    },
    "14": {
        "Fire_area": 90.7443183856,
        "House_loss": 1.7032141896,
        "Life_loss": 0.3108844589,
        "Road_loss": 658.3455390501,
        "Power_loss": 41.630252992,
        "TFI_burnt": 16.3109786755
    },
    "15": {
        "Fire_area": 91.1821199359,
        "House_loss": 1.701258606,
        "Life_loss": 0.3105384974,
        "Road_loss": 653.2878874568,
        "Power_loss": 41.5454206159,
        "TFI_burnt": 16.2888482882
    },
    "16": {
        "Fire_area": 89.3080557324,
        "House_loss": 1.7022759246,
        "Life_loss": 0.310207915,
        "Road_loss": 651.8968992459,
        "Power_loss": 41.2292132169,
        "TFI_burnt": 16.3344715527
    },
    "17": {
        "Fire_area": 89.7664836971,
        "House_loss": 1.7005918245,
        "Life_loss": 0.3104539357,
        "Road_loss": 649.5135842561,
        "Power_loss": 41.5417297918,
        "TFI_burnt": 16.5771300792
    },
    "18": {
        "Fire_area": 88.5403195838,
        "House_loss": 1.7022924818,
        "Life_loss": 0.3101822752,
        "Road_loss": 638.3647817711,
        "Power_loss": 41.5193462322,
        "TFI_burnt": 16.3927289331
    },
    "19": {
        "Fire_area": 87.504222819,
        "House_loss": 1.6986249591,
        "Life_loss": 0.3097937201,
        "Road_loss": 631.0223878827,
        "Power_loss": 41.3880915003,
        "TFI_burnt": 16.1051841366
    },
    "20": {
        "Fire_area": 88.0649038615,
        "House_loss": 1.698066183,
        "Life_loss": 0.3098727406,
        "Road_loss": 627.0850642322,
        "Power_loss": 41.3221349154,
        "TFI_burnt": 16.5439200136
    },
    "21": {
        "Fire_area": 87.6116283286,
        "House_loss": 1.5959674213,
        "Life_loss": 0.3044641562,
        "Road_loss": 636.8575326051,
        "Power_loss": 40.4819468604,
        "TFI_burnt": 16.409855237
    },
    "22": {
        "Fire_area": 86.7806362547,
        "House_loss": 1.5932077466,
        "Life_loss": 0.3039264789,
        "Road_loss": 631.0703266645,
        "Power_loss": 40.3079362295,
        "TFI_burnt": 16.3949476099
    },
    "23": {
        "Fire_area": 86.3338632612,
        "House_loss": 1.593827426,
        "Life_loss": 0.3040388603,
        "Road_loss": 631.0695446155,
        "Power_loss": 40.4156540098,
        "TFI_burnt": 16.4933163574
    },
    "24": {
        "Fire_area": 86.2676781732,
        "House_loss": 1.5942754585,
        "Life_loss": 0.3041141499,
        "Road_loss": 626.5955764684,
        "Power_loss": 40.2600974121,
        "TFI_burnt": 16.5460234919
    },
    "25": {
        "Fire_area": 85.0163774328,
        "House_loss": 1.5972396929,
        "Life_loss": 0.304375281,
        "Road_loss": 618.0503333599,
        "Power_loss": 40.2276008681,
        "TFI_burnt": 16.5235250581
    },
    "26": {
        "Fire_area": 84.2748860307,
        "House_loss": 1.5909533901,
        "Life_loss": 0.3040081002,
        "Road_loss": 609.9348193093,
        "Power_loss": 40.4056828484,
        "TFI_burnt": 16.2548913165
    },
    "27": {
        "Fire_area": 84.5049680354,
        "House_loss": 1.5932203585,
        "Life_loss": 0.3042991789,
        "Road_loss": 606.7926414689,
        "Power_loss": 40.1740232264,
        "TFI_burnt": 16.6716101337
    },
    "28": {
        "Fire_area": 84.3942759499,
        "House_loss": 1.542671388,
        "Life_loss": 0.3022481357,
        "Road_loss": 608.9519814559,
        "Power_loss": 37.8485602341,
        "TFI_burnt": 17.8771374474
    },
    "29": {
        "Fire_area": 84.2276695272,
        "House_loss": 1.5437953291,
        "Life_loss": 0.302264515,
        "Road_loss": 604.182166353,
        "Power_loss": 37.9689009133,
        "TFI_burnt": 17.8635345255
    },
    "30": {
        "Fire_area": 83.8310284169,
        "House_loss": 1.5432299796,
        "Life_loss": 0.3023565229,
        "Road_loss": 602.5599281274,
        "Power_loss": 37.924391967,
        "TFI_burnt": 17.86258912
    },
    "31": {
        "Fire_area": 83.0929996319,
        "House_loss": 1.540890942,
        "Life_loss": 0.3019919207,
        "Road_loss": 595.5248316895,
        "Power_loss": 37.8884228412,
        "TFI_burnt": 17.9329822527
    },
    "32": {
        "Fire_area": 82.2020426664,
        "House_loss": 1.5409510292,
        "Life_loss": 0.3015228353,
        "Road_loss": 596.2352824572,
        "Power_loss": 37.7071263138,
        "TFI_burnt": 17.9511890858
    },
    "33": {
        "Fire_area": 81.3202837767,
        "House_loss": 1.5409623459,
        "Life_loss": 0.3020834498,
        "Road_loss": 584.610090038,
        "Power_loss": 37.8546761422,
        "TFI_burnt": 17.7057744993
    },