{
    "Fire_area": {
        "0": 0.9993791542,
        "1": 1.0,
        "2": 0.9553110651,
        "3": 0.971927952,
        "4": 0.933879073,
        "5": 0.9073133901,
        "6": 0.9120627539,
        "7": 0.8839925124,
        "8": 0.8815910553,
        "9": 0.8561496118,
        "10": 0.851539516,
        "11": 0.8132965219,
        "12": 0.7906218489,
        "13": 0.8090902721,
        "14": 0.8015575991,
        "15": 0.8140677035,
        "16": 0.7605166397,
        "17": 0.7736161403,
        "18": 0.7385787106,
        "19": 0.7089724229,
        "20": 0.7249937877,
        "21": 0.712041517,
        "22": 0.6882960607,
        "23": 0.6755295989,
        "24": 0.6736383713,
        "25": 0.6378826669,
        "26": 0.616694677,
        "27": 0.6232692309,
        "28": 0.6201062235,
        "29": 0.6153454735,
        "30": 0.6040115216,
        "31": 0.5829224754,
        "32": 0.5574635326,
        "33": 0.5322674233,
        "34": 0.5377506677,
        "35": 0.2833402015,
        "36": 0.2782521253,
        "37": 0.26978312,
        "38": 0.2615435412,
        "39": 0.212867578,
        "40": 0.1965167702,
        "41": 0.2149474617,
        "42": 0.0686471013,
        "43": 0.064909141,
        "44": 0.0504564713,
        "45": 0.0441709181,
        "46": 0.0158237773,
        "47": 0.0,
        "48": 0.005536637
    },
    "House_loss": {
        "0": 0.9978666778,
        "1": 0.9992585132,
        "2": 0.9991717908,
        "3": 0.9971936727,
        "4": 1.0,
        "5": 0.9953414815,
        "6": 0.996364929,
        "7": 0.8649350241,
        "8": 0.8634184171,
        "9": 0.862702344,
        "10": 0.8624904556,
        "11": 0.864087065,
        "12": 0.8577952911,
        "13": 0.8597511745,
        "14": 0.8476900622,
        "15": 0.8448398397,
        "16": 0.8463225604,
        "17": 0.8438680193,
        "18": 0.8463466922,
        "19": 0.8410013538,
        "20": 0.8401869492,
        "21": 0.6913801176,
        "22": 0.6873579489,
        "23": 0.6882611187,
        "24": 0.6889141168,
        "25": 0.6932344271,
        "26": 0.6840722709,
        "27": 0.6873763304,
        "28": 0.6137022524,
        "29": 0.6153403732,
        "30": 0.614516388,
        "31": 0.6111072891,
        "32": 0.611194865,
        "33": 0.6112113589,
        "34": 0.610992944,
        "35": 0.2687785621,
        "36": 0.2682291985,
        "37": 0.2694883896,
        "38": 0.2688367327,
        "39": 0.2663659438,
        "40": 0.2652092207,
        "41": 0.2674364679,
        "42": 0.0035184751,
        "43": 0.0039232791,
        "44": 0.0032455104,
        "45": 0.0022901331,
        "46": 0.0,
        "47": 0.000294889,
        "48": 0.0005950311
    },
    "Life_loss": {
        "0": 1.0,
        "1": 0.9819305864,
        "2": 0.9768299272,
        "3": 0.9806412735,
        "4": 0.9909564572,
        "5": 0.9653855125,
        "6": 0.9739574424,
        "7": 0.8748403433,
        "8": 0.8727303346,
        "9": 0.8693817883,
        "10": 0.8724996253,
        "11": 0.8599773152,
        "12": 0.8493049653,
        "13": 0.8644825652,
        "14": 0.8092655679,
        "15": 0.8018849903,
        "16": 0.7948325004,
        "17": 0.8000809913,
        "18": 0.7942855134,
        "19": 0.7859962634,
        "20": 0.78768205,
        "21": 0.6722978746,
        "22": 0.660827322,
        "23": 0.663224814,
        "24": 0.6648310061,
        "25": 0.6704018524,
        "26": 0.6625685928,
        "27": 0.6687783275,
        "28": 0.6250223444,
        "29": 0.6253717712,
        "30": 0.6273346242,
        "31": 0.6195563745,
        "32": 0.6095491292,
        "33": 0.6215090123,
        "34": 0.6130187515,
        "35": 0.2359957666,
        "36": 0.2367709669,
        "37": 0.2354794336,
        "38": 0.2337434784,
        "39": 0.217985948,
        "40": 0.2297276964,
        "41": 0.2335724278,
        "42": 0.0059847112,
        "43": 0.0063397539,
        "44": 0.0057873086,
        "45": 0.0033664386,
        "46": 0.002604561,
        "47": 0.0,
        "48": 0.0059950156
    },
    "Road_loss": {
        "0": 1.0,
        "1": 0.9630499603,
        "2": 0.973898399,
        "3": 0.9559617222,
        "4": 0.9406418656,
        "5": 0.8987752593,
        "6": 0.8777162473,
        "7": 0.8850962666,
        "8": 0.85804408,
        "9": 0.8549314691,
        "10": 0.836247895,
        "11": 0.8210531622,
        "12": 0.7846693885,
        "13": 0.7671788965,
        "14": 0.7956678113,
        "15": 0.7770060542,
        "16": 0.7718735765,
        "17": 0.7630796047,
        "18": 0.7219426779,
        "19": 0.6948506633,
        "20": 0.6803226999,
        "21": 0.7163812198,
        "22": 0.6950275482,
        "23": 0.6950246626,
        "24": 0.6785165846,
        "25": 0.6469862888,
        "26": 0.6170416102,
        "27": 0.6054475812,
        "28": 0.6134151284,
        "29": 0.5958154324,
        "30": 0.5898296868,
        "31": 0.5638715404,
        "32": 0.5664929665,
        "33": 0.5235982529,
        "34": 0.5143334816,
        "35": 0.2872155696,
        "36": 0.2669285592,
        "37": 0.2611556975,
        "38": 0.2537953541,
        "39": 0.2328148976,
        "40": 0.2099127003,
        "41": 0.2036081287,
        "42": 0.0862549672,
        "43": 0.0705269514,
        "44": 0.0665549806,
        "45": 0.0502086878,
        "46": 0.0377224018,
        "47": 0.0147886505,
        "48": 0.0
    },
    "Power_loss": {
        "0": 1.0,
        "1": 0.9871942991,
        "2": 0.9848243137,
        "3": 0.9863609355,
        "4": 0.9608861427,
        "5": 0.9747053421,
        "6": 0.979247335,
        "7": 0.9899974476,
        "8": 0.9122362598,
        "9": 0.9599636484,
        "10": 0.9832400735,
        "11": 0.9574852398,
        "12": 0.9491516558,
        "13": 0.954400536,
        "14": 0.8560223897,
        "15": 0.8486004874,
        "16": 0.8209358085,
        "17": 0.8482775807,
        "18": 0.8463192648,
        "19": 0.8348359155,
        "20": 0.8290654378,
        "21": 0.7555581992,
        "22": 0.7403341777,
        "23": 0.7497583019,
        "24": 0.7361488059,
        "25": 0.7333057148,
        "26": 0.7488859347,
        "27": 0.7286182588,
        "28": 0.5251657554,
        "29": 0.5356942448,
        "30": 0.5318002002,
        "31": 0.5286532962,
        "32": 0.5127918387,
        "33": 0.5257008302,
        "34": 0.5266812368,
        "35": 0.2602438272,
        "36": 0.2624064803,
        "37": 0.2591340461,
        "38": 0.2576513243,
        "39": 0.2413242076,
        "40": 0.2601395481,
        "41": 0.2576810863,
        "42": 0.0131316777,
        "43": 0.0009295774,
        "44": 0.0131391071,
        "45": 0.0130863714,
        "46": 0.0,
        "47": 0.0102518293,
        "48": 0.0075286622
    },
    "TFI_burnt": {
        "0": 0.0569524229,
        "1": 0.0474367651,
        "2": 0.0561516445,
        "3": 0.0781317321,
        "4": 0.0881564871,
        "5": 0.0,
        "6": 0.1253322799,
        "7": 0.0776111767,
        "8": 0.0713580587,
        "9": 0.082181306,
        "10": 0.1175073517,
        "11": 0.1125413482,
        "12": 0.0221893402,
        "13": 0.1471318394,
        "14": 0.0964201862,
        "15": 0.089494183,
        "16": 0.1037725991,
        "17": 0.1797158585,
        "18": 0.1220050322,
        "19": 0.032014009,
        "20": 0.1693223205,
        "21": 0.12736494,
        "22": 0.122699397,
        "23": 0.1534852236,
        "24": 0.1699806324,
        "25": 0.162939444,
        "26": 0.0788668906,
        "27": 0.2092846661,
        "28": 0.5865707021,
        "29": 0.5823134842,
        "30": 0.5820176067,
        "31": 0.6040480873,
        "32": 0.6097461613,
        "33": 0.5329403557,
        "34": 0.6580439752,
        "35": 0.5466793856,
        "36": 0.5491090852,
        "37": 0.5267741916,
        "38": 0.575063634,
        "39": 0.5489858038,
        "40": 0.4546438767,
        "41": 0.591240067,