{
    "Fire_area": {
        "0": 0.7006154796,
        "1": 0.7693380173,
        "2": 0.8453894448,
        "3": 0.8653155475,
        "4": 1.0,
        "5": 0.8711519985,
        "6": 0.8856163356,
        "7": 0.7005842056,
        "8": 0.6369412808,
        "9": 0.5865092711,
        "10": 0.5390643129,
        "11": 0.4356033871,
        "12": 0.5270124227,
        "13": 0.5509521265,
        "14": 0.7710898248,
        "15": 0.5545207293,
        "16": 0.4651759185,
        "17": 0.4992839306,
        "18": 0.4750945788,
        "19": 0.427775659,
        "20": 0.4817827061,
        "21": 0.6674814008,
        "22": 0.4566937698,
        "23": 0.4611191688,
        "24": 0.3718505885,
        "25": 0.3366775168,
        "26": 0.3667798035,
        "27": 0.4479455272,
        "28": 0.5896912295,
        "29": 0.5284911289,
        "30": 0.3801967525,
        "31": 0.3429442861,
        "32": 0.397763129,
        "33": 0.3871349343,
        "34": 0.4796257859,
        "35": 0.3847463822,
        "36": 0.1254422267,
        "37": 0.1438657556,
        "38": 0.1408386132,
        "39": 0.1102110259,
        "40": 0.1019252356,
        "41": 0.1533886755,
        "42": 0.4126037899,
        "43": 0.0883302199,
        "44": 0.041907493,
        "45": 0.059394701,
        "46": 0.1120287697,
        "47": 0.0,
        "48": 0.0248022516
    },
    "House_loss": {
        "0": 0.8818478506,
        "1": 0.9345389612,
        "2": 0.9814067355,
        "3": 0.9554200279,
        "4": 0.9629422442,
        "5": 0.928657299,
        "6": 1.0,
        "7": 0.7765225365,
        "8": 0.7190012366,
        "9": 0.6986107567,
        "10": 0.6042092931,
        "11": 0.6032871839,
        "12": 0.6588893028,
        "13": 0.6689108849,
        "14": 0.8082730316,
        "15": 0.6243052021,
        "16": 0.6188743786,
        "17": 0.5666757013,
        "18": 0.6137011405,
        "19": 0.562886967,
        "20": 0.6138832648,
        "21": 0.7074633728,
        "22": 0.5513437251,
        "23": 0.5094928617,
        "24": 0.4840623891,
        "25": 0.4943192774,
        "26": 0.495399849,
        "27": 0.5043980395,
        "28": 0.5785552483,
        "29": 0.4288140524,
        "30": 0.4167780896,
        "31": 0.4177378397,
        "32": 0.3882674983,
        "33": 0.3796041999,
        "34": 0.4090369506,
        "35": 0.202764176,
        "36": 0.1099172875,
        "37": 0.086911287,
        "38": 0.1072136553,
        "39": 0.069383843,
        "40": 0.0899395164,
        "41": 0.1023461402,
        "42": 0.2033889938,
        "43": 0.0812707043,
        "44": 0.0505436652,
        "45": 0.0187637446,
        "46": 0.0,
        "47": 0.0103785394,
        "48": 0.0308116201
    },
    "Life_loss": {
        "0": 0.9991401154,
        "1": 0.9398224383,
        "2": 0.9578796664,
        "3": 1.0,
        "4": 0.8941185324,
        "5": 0.930051302,
        "6": 0.9973413012,
        "7": 0.8739658707,
        "8": 0.7351841509,
        "9": 0.6602811605,
        "10": 0.6832225308,
        "11": 0.6244100293,
        "12": 0.6671628588,
        "13": 0.722870883,
        "14": 0.8339045473,
        "15": 0.6530184575,
        "16": 0.6247853057,
        "17": 0.6342192311,
        "18": 0.5841590072,
        "19": 0.5910224856,
        "20": 0.5759654316,
        "21": 0.7712028473,
        "22": 0.5178239947,
        "23": 0.5010844615,
        "24": 0.4146703324,
        "25": 0.4422703859,
        "26": 0.5148354653,
        "27": 0.4875372183,
        "28": 0.4714519374,
        "29": 0.3804371664,
        "30": 0.3815095824,
        "31": 0.2891511563,
        "32": 0.3756647757,
        "33": 0.2936076807,
        "34": 0.3258525084,
        "35": 0.2351753559,
        "36": 0.1492519656,
        "37": 0.1152091129,
        "38": 0.0726598702,
        "39": 0.1086011391,
        "40": 0.1071840629,
        "41": 0.1106636796,
        "42": 0.1410913861,
        "43": 0.0257135769,
        "44": 0.0224870392,
        "45": 0.0168697843,
        "46": 0.0137452919,
        "47": 0.0087834827,
        "48": 0.0
    },
    "Road_loss": {
        "0": 0.674393587,
        "1": 0.9218685102,
        "2": 0.8961804786,
        "3": 0.9017063518,
        "4": 1.0,
        "5": 0.9311136505,
        "6": 0.8984051226,
        "7": 0.8941071743,
        "8": 0.5070383635,
        "9": 0.4889716612,
        "10": 0.4690123312,
        "11": 0.4379151766,
        "12": 0.4697664391,
        "13": 0.5132241009,
        "14": 0.8056014899,
        "15": 0.4876552069,
        "16": 0.415432232,
        "17": 0.4333820712,
        "18": 0.4322845557,
        "19": 0.384336266,
        "20": 0.4002137233,
        "21": 0.786959695,
        "22": 0.4254876865,
        "23": 0.4338400423,
        "24": 0.3804214199,
        "25": 0.375594752,
        "26": 0.3752563025,
        "27": 0.382576588,
        "28": 0.6482728611,
        "29": 0.3737334546,
        "30": 0.3174538136,
        "31": 0.3063498523,
        "32": 0.2757454434,
        "33": 0.2501084508,
        "34": 0.3163281752,
        "35": 0.4608432195,
        "36": 0.1663551869,
        "37": 0.1263538899,
        "38": 0.1088712324,
        "39": 0.0955479391,
        "40": 0.0831075996,
        "41": 0.1152505617,
        "42": 0.3936934527,
        "43": 0.0666165049,
        "44": 0.0338830566,
        "45": 0.0236937472,
        "46": 0.0387498346,
        "47": 0.0,
        "48": 0.0026749018
    },
    "Power_loss": {
        "0": 0.8268585844,
        "1": 0.9341650047,
        "2": 0.9866408671,
        "3": 0.9587689309,
        "4": 1.0,
        "5": 0.9566379524,
        "6": 0.9862052445,
        "7": 0.9372704207,
        "8": 0.655653267,
        "9": 0.643258668,
        "10": 0.5943579521,
        "11": 0.5477781557,
        "12": 0.6219465164,
        "13": 0.5893658732,
        "14": 0.8680899353,
        "15": 0.5751707032,
        "16": 0.5442819188,
        "17": 0.4890231721,
        "18": 0.5122984744,
        "19": 0.5219712235,
        "20": 0.5252141391,
        "21": 0.7680010237,
        "22": 0.474020678,
        "23": 0.4645885395,
        "24": 0.3964497494,
        "25": 0.4628454159,
        "26": 0.4370519779,
        "27": 0.4138106715,
        "28": 0.6672386924,
        "29": 0.4278214967,
        "30": 0.4264670055,
        "31": 0.3830015542,
        "32": 0.3781106867,
        "33": 0.3327619396,
        "34": 0.3629887757,
        "35": 0.4802691346,
        "36": 0.1846692366,
        "37": 0.1755036639,
        "38": 0.1064907312,
        "39": 0.1236257751,
        "40": 0.1204385415,
        "41": 0.185820975,
        "42": 0.3494913846,
        "43": 0.105330463,
        "44": 0.0792640872,
        "45": 0.0462105897,
        "46": 0.0220149675,
        "47": 0.010104609,
        "48": 0.0
    },
    "TFI_burnt": {
        "0": 0.0207688317,
        "1": 0.9613596562,
        "2": 0.923331915,
        "3": 0.98177721,
        "4": 0.9338455731,
        "5": 0.9778402689,
        "6": 0.9448563192,
        "7": 1.0,
        "8": 0.0174265034,
        "9": 0.0297703948,
        "10": 0.0269223141,
        "11": 0.0439085365,
        "12": 0.0164001345,
        "13": 0.0155309379,
        "14": 0.9402480713,
        "15": 0.020547271,
        "16": 0.0195133274,
        "17": 0.024699145,
        "18": 0.0227855896,
        "19": 0.0,
        "20": 0.0104360203,
        "21": 0.9695583015,
        "22": 0.0278151784,
        "23": 0.0211276812,
        "24": 0.0218709479,
        "25": 0.032638356,
        "26": 0.0418709482,
        "27": 0.0242058442,
        "28": 0.9608341628,
        "29": 0.0290602675,
        "30": 0.0250201208,
        "31": 0.0313336192,
        "32": 0.015494958,
        "33": 0.0155565026,
        "34": 0.0232069337,
        "35": 0.98213985,
        "36": 0.0249074467,
        "37": 0.0330417101,
        "38": 0.0275822588,
        "39": 0.0324338416,
        "40": 0.0318837304,
        "41": 0.0212100563,