{
    "Fire_area": {
        "0": 1.0,
        "1": 0.9371325127,
        "2": 0.9148520302,
        "3": 0.910342343,
        "4": 0.8750185011,
        "5": 0.720515224,
        "6": 0.6142507187,
        "7": 0.9405566373,
        "8": 0.9057096402,
        "9": 0.8410747727,
        "10": 0.8323283945,
        "11": 0.7680305583,
        "12": 0.6259529736,
        "13": 0.5589226853,
        "14": 0.814999549,
        "15": 0.8166789321,
        "16": 0.7156565575,
        "17": 0.7461729189,
        "18": 0.6920853974,
        "19": 0.5828053593,
        "20": 0.5057715173,
        "21": 0.7526650846,
        "22": 0.7384941349,
        "23": 0.6736798334,
        "24": 0.667581555,
        "25": 0.6028767834,
        "26": 0.5127897109,
        "27": 0.4226637795,
        "28": 0.5772351656,
        "29": 0.6116605203,
        "30": 0.5216734922,
        "31": 0.4603238121,
        "32": 0.4760423483,
        "33": 0.312710295,
        "34": 0.2970503861,
        "35": 0.3472848239,
        "36": 0.2818500881,
        "37": 0.2627088213,
        "38": 0.2389186546,
        "39": 0.192484373,
        "40": 0.0947638638,
        "41": 0.0074631222,
        "42": 0.2454733475,
        "43": 0.2019154862,
        "44": 0.1703914083,
        "45": 0.174248062,
        "46": 0.1271533255,
        "47": 0.0,
        "48": 0.2084252297
    },
    "House_loss": {
        "0": 0.9971454863,
        "1": 1.0,
        "2": 0.9909995349,
        "3": 0.9557580264,
        "4": 0.9231593529,
        "5": 0.8778104464,
        "6": 0.8044797412,
        "7": 0.8343957748,
        "8": 0.822048361,
        "9": 0.823210877,
        "10": 0.8040074393,
        "11": 0.7905983211,
        "12": 0.7289000067,
        "13": 0.6595010575,
        "14": 0.7284659281,
        "15": 0.7267281998,
        "16": 0.6914188141,
        "17": 0.6872239241,
        "18": 0.6629772278,
        "19": 0.589316102,
        "20": 0.5454645812,
        "21": 0.6443179442,
        "22": 0.6462386401,
        "23": 0.6208929126,
        "24": 0.6085418897,
        "25": 0.5625300381,
        "26": 0.5240153722,
        "27": 0.4740239959,
        "28": 0.4537530332,
        "29": 0.4303433924,
        "30": 0.4237065565,
        "31": 0.4088618043,
        "32": 0.3903738674,
        "33": 0.3405775085,
        "34": 0.286051624,
        "35": 0.1769227226,
        "36": 0.158714096,
        "37": 0.1442824943,
        "38": 0.1513286827,
        "39": 0.1275786334,
        "40": 0.0888756345,
        "41": 0.0630587938,
        "42": 0.0841392364,
        "43": 0.0605165404,
        "44": 0.0462416776,
        "45": 0.0532765145,
        "46": 0.0182118855,
        "47": 0.0,
        "48": 0.2230134667
    },
    "Life_loss": {
        "0": 1.0,
        "1": 0.9445810793,
        "2": 0.9091035763,
        "3": 0.9155233097,
        "4": 0.8504280054,
        "5": 0.7415206187,
        "6": 0.6268613891,
        "7": 0.7514755324,
        "8": 0.7056495365,
        "9": 0.7024759798,
        "10": 0.6578363623,
        "11": 0.6286756519,
        "12": 0.6252252737,
        "13": 0.5022954539,
        "14": 0.6130385553,
        "15": 0.5730032116,
        "16": 0.5795156336,
        "17": 0.5479572527,
        "18": 0.5494436109,
        "19": 0.5211735198,
        "20": 0.3591261737,
        "21": 0.5056550897,
        "22": 0.4357902291,
        "23": 0.4481197534,
        "24": 0.4494118923,
        "25": 0.3583445336,
        "26": 0.3673345305,
        "27": 0.2849007353,
        "28": 0.3127310241,
        "29": 0.2961698938,
        "30": 0.3031878898,
        "31": 0.2937999066,
        "32": 0.2792831684,
        "33": 0.2540611539,
        "34": 0.1816417985,
        "35": 0.1016623276,
        "36": 0.0830495536,
        "37": 0.1008880111,
        "38": 0.1154840787,
        "39": 0.0805648326,
        "40": 0.0786716056,
        "41": 0.0470189591,
        "42": 0.0470810892,
        "43": 0.0474149001,
        "44": 0.0342123071,
        "45": 0.0493187663,
        "46": 0.0358418904,
        "47": 0.0,
        "48": 0.2669628599
    },
    "Road_loss": {
        "0": 1.0,
        "1": 0.9514650021,
        "2": 0.94994625,
        "3": 0.9108601271,
        "4": 0.8800340787,
        "5": 0.8332951033,
        "6": 0.7680542957,
        "7": 0.8525308404,
        "8": 0.8264497568,
        "9": 0.7912783354,
        "10": 0.7857233948,
        "11": 0.7421765925,
        "12": 0.6862580707,
        "13": 0.6217108975,
        "14": 0.7824376578,
        "15": 0.7488455998,
        "16": 0.7601414329,
        "17": 0.7256906815,
        "18": 0.6718064574,
        "19": 0.6099827351,
        "20": 0.5718699934,
        "21": 0.6908363754,
        "22": 0.6529753267,
        "23": 0.6327597751,
        "24": 0.614941428,
        "25": 0.5957702953,
        "26": 0.4918145278,
        "27": 0.4711157892,
        "28": 0.4928687892,
        "29": 0.4576985249,
        "30": 0.4796896162,
        "31": 0.4634961588,
        "32": 0.3995245424,
        "33": 0.3363972343,
        "34": 0.2781289616,
        "35": 0.2238955876,
        "36": 0.1996891764,
        "37": 0.1747561372,
        "38": 0.1853958591,
        "39": 0.1492020936,
        "40": 0.0963985551,
        "41": 0.0263276194,
        "42": 0.1102777816,
        "43": 0.0951324821,
        "44": 0.094130663,
        "45": 0.0974083835,
        "46": 0.0520985649,
        "47": 0.0,
        "48": 0.2211551261
    },
    "Power_loss": {
        "0": 1.0,
        "1": 0.9645152577,
        "2": 0.9290796369,
        "3": 0.8557315103,
        "4": 0.8957119263,
        "5": 0.7376229843,
        "6": 0.7222756778,
        "7": 0.863809549,
        "8": 0.8536157717,
        "9": 0.8366104883,
        "10": 0.7635484847,
        "11": 0.7571814422,
        "12": 0.653803534,
        "13": 0.6407183847,
        "14": 0.8278368695,
        "15": 0.767981817,
        "16": 0.7615777186,
        "17": 0.713061499,
        "18": 0.6778320674,
        "19": 0.5493829991,
        "20": 0.5473486411,
        "21": 0.7149714287,
        "22": 0.7081736078,
        "23": 0.6825362525,
        "24": 0.6811124023,
        "25": 0.6650616732,
        "26": 0.5324113148,
        "27": 0.4920839869,
        "28": 0.5366814547,
        "29": 0.4875579399,
        "30": 0.4958210834,
        "31": 0.4455017076,
        "32": 0.4443313294,
        "33": 0.3044374491,
        "34": 0.3030404164,
        "35": 0.2330951561,
        "36": 0.2429591514,
        "37": 0.2102868489,
        "38": 0.2158954274,
        "39": 0.1704685749,
        "40": 0.0778940051,
        "41": 0.0702084507,
        "42": 0.1532011662,
        "43": 0.1654820051,
        "44": 0.137624463,
        "45": 0.1308399946,
        "46": 0.076025676,
        "47": 0.0,
        "48": 0.2085099044
    },
    "TFI_burnt": {
        "0": 0.9798176652,
        "1": 0.9996666286,
        "2": 0.9916101478,
        "3": 1.0,
        "4": 0.9858592072,
        "5": 0.8561830005,
        "6": 0.8093527309,
        "7": 0.9289620635,
        "8": 0.8631518096,
        "9": 0.8746095774,
        "10": 0.8213201237,
        "11": 0.868367196,
        "12": 0.7389248862,
        "13": 0.6853282271,
        "14": 0.739893983,
        "15": 0.6762118757,
        "16": 0.6575074374,
        "17": 0.6264277245,
        "18": 0.6241300968,
        "19": 0.5418198499,
        "20": 0.4796893226,
        "21": 0.5502244723,
        "22": 0.5097302781,
        "23": 0.5146292931,
        "24": 0.4632815277,
        "25": 0.4970516309,
        "26": 0.3821118663,
        "27": 0.3640097273,
        "28": 0.5955165567,
        "29": 0.4899352482,
        "30": 0.5659387358,
        "31": 0.5113571759,
        "32": 0.5210706947,
        "33": 0.4157739843,
        "34": 0.3815487324,
        "35": 0.3001778966,
        "36": 0.2207750802,
        "37": 0.2515812659,
        "38": 0.1916311058,
        "39": 0.207586335,
        "40": 0.1564526775,
        "41": 0.1532318228,