{
    "0": {
        "Fire_area": 1730.3699931767,
        "House_loss": 8.6858618516,
        "Life_loss": 0.7372408928,
        "Road_loss": 17172.2717301454,
        "Power_loss": 1017.1568990336,
        "TFI_burnt": 130.9467325016
    },
    "1": {
        "Fire_area": 1705.5443906039,
        "House_loss": 8.7008295441,
        "Life_loss": 0.7126599997,
        "Road_loss": 16880.7330601849,
        "Power_loss": 1003.471995471,
        "TFI_burnt": 130.3673205961
    },
    "2": {
        "Fire_area": 1696.7461003362,
        "House_loss": 8.6536354478,
        "Life_loss": 0.6969240616,
        "Road_loss": 16871.6102619655,
        "Power_loss": 989.806035941,
        "TFI_burnt": 130.6024976592
    },
    "3": {
        "Fire_area": 1694.9652799564,
        "House_loss": 8.4688459802,
        "Life_loss": 0.6997715147,
        "Road_loss": 16636.8288304657,
        "Power_loss": 961.5188912721,
        "TFI_burnt": 130.3575891385
    },
    "4": {
        "Fire_area": 1681.0163263797,
        "House_loss": 8.2979142643,
        "Life_loss": 0.6708986912,
        "Road_loss": 16451.6637837514,
        "Power_loss": 976.9375783217,
        "TFI_burnt": 130.7703736013
    },
    "5": {
        "Fire_area": 1620.0048701421,
        "House_loss": 8.0601264781,
        "Life_loss": 0.6225931521,
        "Road_loss": 16170.9134115372,
        "Power_loss": 915.9696302959,
        "TFI_burnt": 134.5557570618
    },
    "6": {
        "Fire_area": 1578.0423154283,
        "House_loss": 7.6756156399,
        "Life_loss": 0.5717364008,
        "Road_loss": 15779.0267497767,
        "Power_loss": 910.0508495758,
        "TFI_burnt": 135.9227813811
    },
    "7": {
        "Fire_area": 1706.8965355841,
        "House_loss": 7.8324808867,
        "Life_loss": 0.6270086238,
        "Road_loss": 16286.4580997266,
        "Power_loss": 964.634235308,
        "TFI_burnt": 132.4312604544
    },
    "8": {
        "Fire_area": 1693.1358822055,
        "House_loss": 7.7677370061,
        "Life_loss": 0.6066826431,
        "Road_loss": 16129.794975277,
        "Power_loss": 960.702943994,
        "TFI_burnt": 134.3523302711
    },
    "9": {
        "Fire_area": 1667.612362812,
        "House_loss": 7.7738326788,
        "Life_loss": 0.6052750217,
        "Road_loss": 15918.5282632243,
        "Power_loss": 954.1447545344,
        "TFI_burnt": 134.0178661005
    },
    "10": {
        "Fire_area": 1664.15852492,
        "House_loss": 7.673139117,
        "Life_loss": 0.5854752556,
        "Road_loss": 15885.1610012352,
        "Power_loss": 925.9679549432,
        "TFI_burnt": 135.5734407283
    },
    "11": {
        "Fire_area": 1638.7680950703,
        "House_loss": 7.6028281706,
        "Life_loss": 0.5725411115,
        "Road_loss": 15623.5852846876,
        "Power_loss": 923.5124668048,
        "TFI_burnt": 134.2000877117
    },
    "12": {
        "Fire_area": 1582.6633929077,
        "House_loss": 7.2793119773,
        "Life_loss": 0.5710107068,
        "Road_loss": 15287.6954691019,
        "Power_loss": 883.6441569147,
        "TFI_burnt": 137.978643481
    },
    "13": {
        "Fire_area": 1556.1939510922,
        "House_loss": 6.9154173706,
        "Life_loss": 0.5164855604,
        "Road_loss": 14899.9753114767,
        "Power_loss": 878.5977906373,
        "TFI_burnt": 139.5431857516
    },
    "14": {
        "Fire_area": 1657.3155755629,
        "House_loss": 7.2770358785,
        "Life_loss": 0.5656053251,
        "Road_loss": 15865.4243277851,
        "Power_loss": 950.7611558656,
        "TFI_burnt": 137.9503545357
    },
    "15": {
        "Fire_area": 1657.9787434451,
        "House_loss": 7.2679240699,
        "Life_loss": 0.5478477706,
        "Road_loss": 15663.644491462,
        "Power_loss": 927.6776961051,
        "TFI_burnt": 139.8093015391
    },
    "16": {
        "Fire_area": 1618.0862421147,
        "House_loss": 7.0827786869,
        "Life_loss": 0.5507363355,
        "Road_loss": 15731.4959862269,
        "Power_loss": 925.2079171711,
        "TFI_burnt": 140.3553035636
    },
    "17": {
        "Fire_area": 1630.1367803597,
        "House_loss": 7.060782708,
        "Life_loss": 0.536738712,
        "Road_loss": 15524.5581746567,
        "Power_loss": 906.4973462955,
        "TFI_burnt": 141.262552737
    },
    "18": {
        "Fire_area": 1608.7782789977,
        "House_loss": 6.9336447306,
        "Life_loss": 0.5373979816,
        "Road_loss": 15200.8879221976,
        "Power_loss": 892.9109048331,
        "TFI_burnt": 141.3296228804
    },
    "19": {
        "Fire_area": 1565.6249272359,
        "House_loss": 6.5474013262,
        "Life_loss": 0.524858869,
        "Road_loss": 14829.5269131195,
        "Power_loss": 843.3737517335,
        "TFI_burnt": 143.7323446695
    },
    "20": {
        "Fire_area": 1535.20520429,
        "House_loss": 6.3174651086,
        "Life_loss": 0.4529832632,
        "Road_loss": 14600.592360599,
        "Power_loss": 842.5891893858,
        "TFI_burnt": 145.5459994385
    },
    "21": {
        "Fire_area": 1632.700457263,
        "House_loss": 6.8358044501,
        "Life_loss": 0.5179757166,
        "Road_loss": 15315.1963020209,
        "Power_loss": 907.233922102,
        "TFI_burnt": 143.4870049946
    },
    "22": {
        "Fire_area": 1627.1045223652,
        "House_loss": 6.8458756525,
        "Life_loss": 0.486987371,
        "Road_loss": 15087.7736120019,
        "Power_loss": 904.6123017615,
        "TFI_burnt": 144.6690726744
    },
    "23": {
        "Fire_area": 1601.5101466519,
        "House_loss": 6.7129748862,
        "Life_loss": 0.4924560939,
        "Road_loss": 14966.3434012327,
        "Power_loss": 894.7251019999,
        "TFI_burnt": 144.5260653275
    },
    "24": {
        "Fire_area": 1599.1020110416,
        "House_loss": 6.6482120811,
        "Life_loss": 0.4930292181,
        "Road_loss": 14859.3126512133,
        "Power_loss": 894.1759856534,
        "TFI_burnt": 146.0249600499
    },
    "25": {
        "Fire_area": 1573.5508873531,
        "House_loss": 6.406948131,
        "Life_loss": 0.4526365691,
        "Road_loss": 14744.1560267471,
        "Power_loss": 887.9859257722,
        "TFI_burnt": 145.0391755849
    },
    "26": {
        "Fire_area": 1537.9766031983,
        "House_loss": 6.2049958052,
        "Life_loss": 0.4566240548,
        "Road_loss": 14119.7174249683,
        "Power_loss": 836.8285199685,
        "TFI_burnt": 148.3943869628
    },
    "27": {
        "Fire_area": 1502.3869741159,
        "House_loss": 5.9428651474,
        "Life_loss": 0.4200607965,
        "Road_loss": 13995.3848200385,
        "Power_loss": 821.2760442402,
        "TFI_burnt": 148.922807243
    },
    "28": {
        "Fire_area": 1563.4253257801,
        "House_loss": 5.8365739993,
        "Life_loss": 0.4324048362,
        "Road_loss": 14126.0501332581,
        "Power_loss": 838.4753250284,
        "TFI_burnt": 142.1648819017
    },
    "29": {
        "Fire_area": 1577.019477737,
        "House_loss": 5.7138251374,
        "Life_loss": 0.4250591974,
        "Road_loss": 13914.7903714329,
        "Power_loss": 819.5305471017,
        "TFI_burnt": 145.2469102033
    },
    "30": {
        "Fire_area": 1541.4846998617,
        "House_loss": 5.6790247717,
        "Life_loss": 0.4281720081,
        "Road_loss": 14046.8858447857,
        "Power_loss": 822.7172779152,
        "TFI_burnt": 143.0282892826
    },
    "31": {
        "Fire_area": 1517.2584608338,
        "House_loss": 5.6011860532,
        "Life_loss": 0.4240079968,
        "Road_loss": 13949.6154368389,
        "Power_loss": 803.3113090496,
        "TFI_burnt": 144.6215818356
    },
    "32": {
        "Fire_area": 1523.4655187173,
        "House_loss": 5.5042442324,
        "Life_loss": 0.4175691419,
        "Road_loss": 13565.352517413,
        "Power_loss": 802.8599456593,
        "TFI_burnt": 144.3380341092
    },
    "33": {
        "Fire_area": 1458.9676866236,