{
    "0": {
        "Fire_area": 6565.0803092076,
        "House_loss": 22.8252789611,
        "Life_loss": 2.4014595976,
        "Road_loss": 48163.2213965058,
        "Power_loss": 16770.2494096011,
        "TFI_burnt": 1224.7028055704
    },
    "1": {
        "Fire_area": 6488.286337731,
        "House_loss": 22.7331945859,
        "Life_loss": 2.4390586863,
        "Road_loss": 46977.8664293699,
        "Power_loss": 16523.6448142678,
        "TFI_burnt": 1410.6925531584
    },
    "2": {
        "Fire_area": 6421.1494488744,
        "House_loss": 22.1630470036,
        "Life_loss": 2.3588178947,
        "Road_loss": 46837.8368103877,
        "Power_loss": 16522.9324437678,
        "TFI_burnt": 1502.7161219652
    },
    "3": {
        "Fire_area": 6314.3660282754,
        "House_loss": 21.8668168364,
        "Life_loss": 2.3368424532,
        "Road_loss": 45797.0350203104,
        "Power_loss": 16179.9858342856,
        "TFI_burnt": 1569.8877348274
    },
    "4": {
        "Fire_area": 6237.2102238281,
        "House_loss": 21.6552329063,
        "Life_loss": 2.2501094484,
        "Road_loss": 45785.7913491316,
        "Power_loss": 16191.0596955568,
        "TFI_burnt": 1648.2518321126
    },
    "5": {
        "Fire_area": 6265.7552179341,
        "House_loss": 21.37550232,
        "Life_loss": 2.1419130772,
        "Road_loss": 45617.6003464498,
        "Power_loss": 16192.7526444197,
        "TFI_burnt": 1623.3795764826
    },
    "6": {
        "Fire_area": 6335.3025651079,
        "House_loss": 21.8607195653,
        "Life_loss": 2.1997858204,
        "Road_loss": 46589.580795262,
        "Power_loss": 16492.400592193,
        "TFI_burnt": 1293.8413495795
    },
    "7": {
        "Fire_area": 6543.4908695722,
        "House_loss": 22.6545582945,
        "Life_loss": 2.4080108535,
        "Road_loss": 48041.730498895,
        "Power_loss": 16726.8888857216,
        "TFI_burnt": 1210.4749898837
    },
    "8": {
        "Fire_area": 6422.6041929598,
        "House_loss": 22.2487475118,
        "Life_loss": 2.3496287016,
        "Road_loss": 45997.0787670463,
        "Power_loss": 16234.8854932934,
        "TFI_burnt": 1398.9756616625
    },
    "9": {
        "Fire_area": 6298.6463482513,
        "House_loss": 21.900173435,
        "Life_loss": 2.2466339729,
        "Road_loss": 45773.4545995481,
        "Power_loss": 16172.2510233521,
        "TFI_burnt": 1518.8828200104
    },
    "10": {
        "Fire_area": 6201.5666148821,
        "House_loss": 21.4641469205,
        "Life_loss": 2.3578904889,
        "Road_loss": 45022.4035596475,
        "Power_loss": 15852.621877566,
        "TFI_burnt": 1649.0405379526
    },
    "11": {
        "Fire_area": 6113.6322497028,
        "House_loss": 21.2390404614,
        "Life_loss": 2.1567823763,
        "Road_loss": 44306.6495959647,
        "Power_loss": 15713.3433651179,
        "TFI_burnt": 1799.2563272884
    },
    "12": {
        "Fire_area": 6105.3779577818,
        "House_loss": 20.9224622953,
        "Life_loss": 2.0795343546,
        "Road_loss": 44527.1002561785,
        "Power_loss": 15782.6020009816,
        "TFI_burnt": 1804.5134988391
    },
    "13": {
        "Fire_area": 6168.5773893641,
        "House_loss": 21.2362090219,
        "Life_loss": 2.134573131,
        "Road_loss": 45177.4648297578,
        "Power_loss": 15975.3607809544,
        "TFI_burnt": 1854.6905639898
    },
    "14": {
        "Fire_area": 6499.4152736168,
        "House_loss": 22.2636245191,
        "Life_loss": 2.3519010088,
        "Road_loss": 48088.722369168,
        "Power_loss": 16737.0720710605,
        "TFI_burnt": 1164.4094471895
    },
    "15": {
        "Fire_area": 6394.5808527125,
        "House_loss": 22.0795196528,
        "Life_loss": 2.2775116027,
        "Road_loss": 45891.8667929247,
        "Power_loss": 16194.4825854152,
        "TFI_burnt": 1407.7617664088
    },
    "16": {
        "Fire_area": 6271.6432388417,
        "House_loss": 21.5122694895,
        "Life_loss": 2.2649222281,
        "Road_loss": 45769.755223766,
        "Power_loss": 16176.6311340034,
        "TFI_burnt": 1491.1762911647
    },
    "17": {
        "Fire_area": 6189.9213386716,
        "House_loss": 21.3975101709,
        "Life_loss": 2.2933064481,
        "Road_loss": 45000.479160808,
        "Power_loss": 15893.1245096028,
        "TFI_burnt": 1616.6647770183
    },
    "18": {
        "Fire_area": 6083.559519985,
        "House_loss": 21.1043214984,
        "Life_loss": 2.168239028,
        "Road_loss": 43860.1504019462,
        "Power_loss": 15653.3572822809,
        "TFI_burnt": 1767.2651174652
    },
    "19": {
        "Fire_area": 6090.0486559575,
        "House_loss": 20.6328525627,
        "Life_loss": 2.0454667691,
        "Road_loss": 44348.6660090275,
        "Power_loss": 15753.151929006,
        "TFI_burnt": 1778.5693941941
    },
    "20": {
        "Fire_area": 6171.4717033401,
        "House_loss": 20.8363460656,
        "Life_loss": 2.0883937057,
        "Road_loss": 45171.9598844647,
        "Power_loss": 15983.1275250763,
        "TFI_burnt": 1827.6212265626
    },
    "21": {
        "Fire_area": 6487.6707147051,
        "House_loss": 22.0716521842,
        "Life_loss": 2.2946211346,
        "Road_loss": 47658.8163292035,
        "Power_loss": 16608.2866247743,
        "TFI_burnt": 1100.2701091546
    },
    "22": {
        "Fire_area": 6341.7498985071,
        "House_loss": 21.4634357952,
        "Life_loss": 2.251554832,
        "Road_loss": 45901.4745266177,
        "Power_loss": 16161.5390237421,
        "TFI_burnt": 1407.3692005413
    },
    "23": {
        "Fire_area": 6206.4813356852,
        "House_loss": 21.3020023331,
        "Life_loss": 2.2361409717,
        "Road_loss": 45582.071759738,
        "Power_loss": 16066.5626972914,
        "TFI_burnt": 1487.7640756355
    },
    "24": {
        "Fire_area": 6136.5445971917,
        "House_loss": 20.7815923868,
        "Life_loss": 2.2136132445,
        "Road_loss": 44558.2184987143,
        "Power_loss": 15768.2234402746,
        "TFI_burnt": 1558.248322116
    },
    "25": {
        "Fire_area": 6068.472565135,
        "House_loss": 20.6335758464,
        "Life_loss": 2.1129499697,
        "Road_loss": 43921.6913729906,
        "Power_loss": 15626.5302505344,
        "TFI_burnt": 1723.7457752102
    },
    "26": {
        "Fire_area": 6039.7623548806,
        "House_loss": 20.2963464288,
        "Life_loss": 1.9925829292,
        "Road_loss": 44236.9354786351,
        "Power_loss": 15727.2668816149,
        "TFI_burnt": 1730.7123700855
    },
    "27": {
        "Fire_area": 6134.0652335166,
        "House_loss": 20.5315455329,
        "Life_loss": 1.9972444406,
        "Road_loss": 45103.2986179926,
        "Power_loss": 15959.4001527876,
        "TFI_burnt": 1782.7995134462
    },
    "28": {
        "Fire_area": 6525.2654466542,
        "House_loss": 21.7312617879,
        "Life_loss": 2.2713282907,
        "Road_loss": 47860.6166224927,
        "Power_loss": 16684.706190601,
        "TFI_burnt": 996.792777014
    },
    "29": {
        "Fire_area": 6250.0697182088,
        "House_loss": 21.0966208484,
        "Life_loss": 2.14314279,
        "Road_loss": 45649.9008354731,
        "Power_loss": 16064.9182163179,
        "TFI_burnt": 1471.0644577067
    },
    "30": {
        "Fire_area": 6164.9842925631,
        "House_loss": 20.7069510594,
        "Life_loss": 2.1711087483,
        "Road_loss": 44939.4902829081,
        "Power_loss": 15919.6888711303,
        "TFI_burnt": 1546.5861377502
    },
    "31": {
        "Fire_area": 6163.8696151651,
        "House_loss": 20.4168602964,
        "Life_loss": 2.0630691851,
        "Road_loss": 44178.8714304566,
        "Power_loss": 15664.9045832455,
        "TFI_burnt": 1615.1297160278
    },
    "32": {
        "Fire_area": 6076.6196514159,
        "House_loss": 20.2911357302,
        "Life_loss": 2.0455027009,
        "Road_loss": 44491.2912612781,