{
    "Fire_area": {
        "0": 1.0,
        "1": 0.8909617966,
        "2": 0.795635489,
        "3": 0.6440158747,
        "4": 0.534463912,
        "5": 0.5749943705,
        "6": 0.6737432389,
        "7": 0.9693455923,
        "8": 0.7977010506,
        "9": 0.6216958197,
        "10": 0.4838542741,
        "11": 0.3589980515,
        "12": 0.3472779497,
        "13": 0.4370135415,
        "14": 0.906763547,
        "15": 0.7579112779,
        "16": 0.583354652,
        "17": 0.4673193825,
        "18": 0.3162983922,
        "19": 0.3255121848,
        "20": 0.4411231193,
        "21": 0.8900876859,
        "22": 0.6828976769,
        "23": 0.4908325866,
        "24": 0.3915308293,
        "25": 0.2948767308,
        "26": 0.2541116853,
        "27": 0.3880104311,
        "28": 0.9434676837,
        "29": 0.5527228474,
        "30": 0.4319117762,
        "31": 0.4303290684,
        "32": 0.3064446135,
        "33": 0.237334522,
        "34": 0.3757695929,
        "35": 0.7504458742,
        "36": 0.5361050644,
        "37": 0.3264154051,
        "38": 0.2153621231,
        "39": 0.1304725094,
        "40": 0.1205952823,
        "41": 0.2275095515,
        "42": 0.6709836469,
        "43": 0.4346275375,
        "44": 0.2341784714,
        "45": 0.1045291433,
        "46": 0.0,
        "47": 0.0247083322,
        "48": 0.1280258545
    },
    "House_loss": {
        "0": 1.0,
        "1": 0.9805572603,
        "2": 0.8601760227,
        "3": 0.7976298413,
        "4": 0.7529559075,
        "5": 0.6938934555,
        "6": 0.7963424605,
        "7": 0.9639539555,
        "8": 0.8782708696,
        "9": 0.8046727697,
        "10": 0.7126099196,
        "11": 0.6650808324,
        "12": 0.5982383646,
        "13": 0.6644830009,
        "14": 0.8814120082,
        "15": 0.8425400173,
        "16": 0.7227705422,
        "17": 0.6985402039,
        "18": 0.6366362051,
        "19": 0.5370900249,
        "20": 0.580055742,
        "21": 0.8408788761,
        "22": 0.7124597722,
        "23": 0.6783746326,
        "24": 0.5684950236,
        "25": 0.5372427394,
        "26": 0.4660399563,
        "27": 0.5157000094,
        "28": 0.7690086825,
        "29": 0.6350102861,
        "30": 0.5527352175,
        "31": 0.4914853129,
        "32": 0.4649397669,
        "33": 0.3994064484,
        "34": 0.4279990796,
        "35": 0.591310531,
        "36": 0.4963585245,
        "37": 0.3795627107,
        "38": 0.3043037852,
        "39": 0.2645098029,
        "40": 0.2081027182,
        "41": 0.3150021236,
        "42": 0.377240129,
        "43": 0.2053182136,
        "44": 0.1618886181,
        "45": 0.1077059761,
        "46": 0.0659247528,
        "47": 0.0,
        "48": 0.0553307123
    },
    "Life_loss": {
        "0": 0.9477541467,
        "1": 1.0,
        "2": 0.8885013235,
        "3": 0.8579653256,
        "4": 0.7374453872,
        "5": 0.5871010056,
        "6": 0.667518137,
        "7": 0.9568574513,
        "8": 0.8757324705,
        "9": 0.7326160366,
        "10": 0.8872126458,
        "11": 0.6077626558,
        "12": 0.5004225858,
        "13": 0.5769017757,
        "14": 0.8788899574,
        "15": 0.7755220797,
        "16": 0.7580285009,
        "17": 0.7974698238,
        "18": 0.6236822583,
        "19": 0.4530839365,
        "20": 0.5127331065,
        "21": 0.7992966478,
        "22": 0.7394538217,
        "23": 0.7180354757,
        "24": 0.6867320487,
        "25": 0.5468552891,
        "26": 0.3795991411,
        "27": 0.3860765491,
        "28": 0.7669300519,
        "29": 0.5888097544,
        "30": 0.6276698812,
        "31": 0.4775433922,
        "32": 0.4531338656,
        "33": 0.2918624889,
        "34": 0.256868686,
        "35": 0.6170433714,
        "36": 0.4319101426,
        "37": 0.415177299,
        "38": 0.3490969776,
        "39": 0.2557158003,
        "40": 0.2168006553,
        "41": 0.2539696446,
        "42": 0.3420887927,
        "43": 0.2535787921,
        "44": 0.1861091042,
        "45": 0.2452662587,
        "46": 0.0564672333,
        "47": 0.0,
        "48": 0.0019406773
    },
    "Road_loss": {
        "0": 1.0,
        "1": 0.7842975585,
        "2": 0.7588159673,
        "3": 0.5694182818,
        "4": 0.5673722387,
        "5": 0.5367660398,
        "6": 0.7136401085,
        "7": 0.9778919531,
        "8": 0.6058208159,
        "9": 0.5651272851,
        "10": 0.4284563742,
        "11": 0.2982085736,
        "12": 0.3383246122,
        "13": 0.4566733181,
        "14": 0.9864431984,
        "15": 0.5866750913,
        "16": 0.564454099,
        "17": 0.4244667285,
        "18": 0.2169578352,
        "19": 0.3058544207,
        "20": 0.4556715674,
        "21": 0.9082119639,
        "22": 0.5884234382,
        "23": 0.530300801,
        "24": 0.343987288,
        "25": 0.2281566221,
        "26": 0.2855224958,
        "27": 0.4431770799,
        "28": 0.9449341418,
        "29": 0.5426438524,
        "30": 0.4133684076,
        "31": 0.2749564145,
        "32": 0.3318083467,
        "33": 0.2307748906,
        "34": 0.4338437313,
        "35": 0.7108365941,
        "36": 0.3628802812,
        "37": 0.2977242038,
        "38": 0.1174789157,
        "39": 0.1164883943,
        "40": 0.13849687,
        "41": 0.2965024433,
        "42": 0.7075450159,
        "43": 0.2787699736,
        "44": 0.2221009759,
        "45": 0.00767492,
        "46": 0.0,
        "47": 0.0887810825,
        "48": 0.176313795
    },
    "Power_loss": {
        "0": 1.0,
        "1": 0.832940285,
        "2": 0.832457697,
        "3": 0.6001320878,
        "4": 0.6076339598,
        "5": 0.6087808304,
        "6": 0.8117742121,
        "7": 0.9706258646,
        "8": 0.6373232901,
        "9": 0.5948922207,
        "10": 0.3783627844,
        "11": 0.2840100066,
        "12": 0.3309285482,
        "13": 0.4615109764,
        "14": 0.9775243575,
        "15": 0.6099527609,
        "16": 0.597859481,
        "17": 0.4058008707,
        "18": 0.2433730595,
        "19": 0.3109779037,
        "20": 0.4667724763,
        "21": 0.8902799981,
        "22": 0.5876354881,
        "23": 0.5232947648,
        "24": 0.321187942,
        "25": 0.2251993662,
        "26": 0.2934423479,
        "27": 0.450698615,
        "28": 0.9420496371,
        "29": 0.5221807283,
        "30": 0.4237966208,
        "31": 0.2511956583,
        "32": 0.3305924675,
        "33": 0.2087223352,
        "34": 0.4238153502,
        "35": 0.7220899664,
        "36": 0.3799008348,
        "37": 0.3323262415,
        "38": 0.1009271824,
        "39": 0.1047952704,
        "40": 0.130484249,
        "41": 0.3122740714,
        "42": 0.751000276,
        "43": 0.2885696656,
        "44": 0.2316470288,
        "45": 0.0,
        "46": 0.0240741862,
        "47": 0.0647302879,
        "48": 0.2210540731
    },
    "TFI_burnt": {
        "0": 0.3957282777,
        "1": 0.2788983846,
        "2": 0.2210935655,
        "3": 0.1788995605,
        "4": 0.1296749702,
        "5": 0.1452985355,
        "6": 0.3522987403,
        "7": 0.4046655133,
        "8": 0.2862583773,
        "9": 0.2109384165,
        "10": 0.1291795428,
        "11": 0.0348211449,
        "12": 0.0315188403,
        "13": 0.0,
        "14": 0.4336016912,
        "15": 0.2807393651,
        "16": 0.2283423371,
        "17": 0.1495164525,
        "18": 0.0549164979,
        "19": 0.0478156901,
        "20": 0.0170036674,
        "21": 0.4738909658,
        "22": 0.2809859563,
        "23": 0.2304857282,
        "24": 0.1862108847,
        "25": 0.082253274,
        "26": 0.0778771913,
        "27": 0.0451585308,
        "28": 0.538890493,
        "29": 0.2409756321,
        "30": 0.1935365129,
        "31": 0.1504807046,
        "32": 0.1358949287,
        "33": 0.0772750249,
        "34": 0.0666880144,
        "35": 0.620735678,
        "36": 0.2798352199,
        "37": 0.2247946309,
        "38": 0.1851202414,
        "39": 0.0980528107,
        "40": 0.1538738576,
        "41": 0.1193371844,