{
    "Fire_area": {
        "0": 1.0,
        "1": 0.8945786453,
        "2": 0.8130078992,
        "3": 0.7347440846,
        "4": 0.598639295,
        "5": 0.4471584739,
        "6": 0.3843716376,
        "7": 0.9648733323,
        "8": 0.8497762922,
        "9": 0.7632469722,
        "10": 0.6902158488,
        "11": 0.5427710187,
        "12": 0.4040136867,
        "13": 0.3385407539,
        "14": 0.9256305803,
        "15": 0.8103769835,
        "16": 0.7352902893,
        "17": 0.6590806107,
        "18": 0.5170327117,
        "19": 0.37849923,
        "20": 0.3097593858,
        "21": 0.8847949011,
        "22": 0.7638972817,
        "23": 0.6944709185,
        "24": 0.6197675659,
        "25": 0.4744606841,
        "26": 0.3343155068,
        "27": 0.2799763412,
        "28": 0.8310028526,
        "29": 0.7208079796,
        "30": 0.6397360237,
        "31": 0.5715749422,
        "32": 0.4266299295,
        "33": 0.2841194749,
        "34": 0.2328770542,
        "35": 0.6851822975,
        "36": 0.562365826,
        "37": 0.4891145043,
        "38": 0.4241868308,
        "39": 0.2795013665,
        "40": 0.1536982806,
        "41": 0.0896892884,
        "42": 0.588618548,
        "43": 0.4659105713,
        "44": 0.3829708199,
        "45": 0.3245848078,
        "46": 0.1810576214,
        "47": 0.0581225931,
        "48": 0.0
    },
    "House_loss": {
        "0": 1.0,
        "1": 0.9627662257,
        "2": 0.950592888,
        "3": 0.898760682,
        "4": 0.897218461,
        "5": 0.8400434863,
        "6": 0.7932756891,
        "7": 0.9190532424,
        "8": 0.8394473975,
        "9": 0.8037004262,
        "10": 0.7884784537,
        "11": 0.7794221152,
        "12": 0.7301274071,
        "13": 0.6918201787,
        "14": 0.8274400862,
        "15": 0.767925941,
        "16": 0.780725373,
        "17": 0.7253664666,
        "18": 0.7404370304,
        "19": 0.7168854712,
        "20": 0.638162546,
        "21": 0.7694198469,
        "22": 0.7272566816,
        "23": 0.6894838145,
        "24": 0.6504521079,
        "25": 0.6479074712,
        "26": 0.65145014,
        "27": 0.5531140548,
        "28": 0.6082391917,
        "29": 0.5708194313,
        "30": 0.4987358742,
        "31": 0.5005869695,
        "32": 0.4470722737,
        "33": 0.4760597976,
        "34": 0.437671312,
        "35": 0.258291466,
        "36": 0.2282566628,
        "37": 0.2094617407,
        "38": 0.1793748174,
        "39": 0.1750369124,
        "40": 0.187959909,
        "41": 0.1322171739,
        "42": 0.1394707822,
        "43": 0.0831914761,
        "44": 0.057303807,
        "45": 0.0574788964,
        "46": 0.0235958605,
        "47": 0.0,
        "48": 0.002157318
    },
    "Life_loss": {
        "0": 0.8925129855,
        "1": 0.8476718681,
        "2": 0.8224289971,
        "3": 0.893797953,
        "4": 0.9080875853,
        "5": 1.0,
        "6": 0.9847306846,
        "7": 0.8615520575,
        "8": 0.818647425,
        "9": 0.7889331819,
        "10": 0.9274865056,
        "11": 0.9410092039,
        "12": 0.9753934913,
        "13": 0.965180697,
        "14": 0.6676233043,
        "15": 0.7021849109,
        "16": 0.5448140546,
        "17": 0.7596391814,
        "18": 0.9413757286,
        "19": 0.8583532571,
        "20": 0.8961329199,
        "21": 0.089015265,
        "22": 0.0693406402,
        "23": 0.0,
        "24": 0.5483709573,
        "25": 0.5330546823,
        "26": 0.5827330172,
        "27": 0.4904995771,
        "28": 0.3846866218,
        "29": 0.192642597,
        "30": 0.2437843817,
        "31": 0.7155957244,
        "32": 0.7581587681,
        "33": 0.8064732354,
        "34": 0.6527897263,
        "35": 0.5408643923,
        "36": 0.6057845171,
        "37": 0.5909895188,
        "38": 0.7995502317,
        "39": 0.6941598029,
        "40": 0.7937007793,
        "41": 0.6782732878,
        "42": 0.5049467547,
        "43": 0.5889812402,
        "44": 0.5876560713,
        "45": 0.6804524414,
        "46": 0.7010835623,
        "47": 0.6324245714,
        "48": 0.7179928911
    },
    "Road_loss": {
        "0": 1.0,
        "1": 0.886859116,
        "2": 0.7722179808,
        "3": 0.7113156789,
        "4": 0.6174795721,
        "5": 0.5085863698,
        "6": 0.5066505735,
        "7": 0.9061878115,
        "8": 0.7955184787,
        "9": 0.6966332439,
        "10": 0.6186597323,
        "11": 0.5413295321,
        "12": 0.4290900355,
        "13": 0.4332228167,
        "14": 0.8473474197,
        "15": 0.7332206308,
        "16": 0.6276381588,
        "17": 0.5479350838,
        "18": 0.4868297542,
        "19": 0.376907671,
        "20": 0.3762747925,
        "21": 0.7960086377,
        "22": 0.6732714295,
        "23": 0.5874699068,
        "24": 0.5147340113,
        "25": 0.4560875411,
        "26": 0.3529927276,
        "27": 0.3450701431,
        "28": 0.7135301733,
        "29": 0.6173830549,
        "30": 0.516314246,
        "31": 0.4620989747,
        "32": 0.405851904,
        "33": 0.2858805659,
        "34": 0.2918032914,
        "35": 0.4638038324,
        "36": 0.3686404176,
        "37": 0.2809449026,
        "38": 0.233035306,
        "39": 0.1838440059,
        "40": 0.0711374606,
        "41": 0.0698622639,
        "42": 0.3527465353,
        "43": 0.2891595308,
        "44": 0.1964936337,
        "45": 0.1364914744,
        "46": 0.094937125,
        "47": 0.0,
        "48": 0.0017569709
    },
    "Power_loss": {
        "0": 1.0,
        "1": 0.6429345045,
        "2": 0.7557597568,
        "3": 0.4548469242,
        "4": 0.6594936916,
        "5": 0.6110081195,
        "6": 0.5460619043,
        "7": 0.9431288945,
        "8": 0.5708377431,
        "9": 0.7070243942,
        "10": 0.3903104851,
        "11": 0.5856905391,
        "12": 0.5560666965,
        "13": 0.4734305118,
        "14": 0.8731922676,
        "15": 0.5081082882,
        "16": 0.6323590252,
        "17": 0.3328944835,
        "18": 0.510429506,
        "19": 0.4696866964,
        "20": 0.4079202096,
        "21": 0.8264615826,
        "22": 0.4676981812,
        "23": 0.5986049117,
        "24": 0.3019272294,
        "25": 0.4606673935,
        "26": 0.4223246859,
        "27": 0.3509946686,
        "28": 0.8309055959,
        "29": 0.4665227013,
        "30": 0.6064357952,
        "31": 0.2964504746,
        "32": 0.5061480205,
        "33": 0.4493813345,
        "34": 0.3807599017,
        "35": 0.5615052765,
        "36": 0.1905554827,
        "37": 0.3452189897,
        "38": 0.0486478299,
        "39": 0.1974976029,
        "40": 0.1383851214,
        "41": 0.0889503084,
        "42": 0.5198341862,
        "43": 0.1446723199,
        "44": 0.2821027866,
        "45": 0.0,
        "46": 0.1626356464,
        "47": 0.0986597338,
        "48": 0.0491778435
    },
    "TFI_burnt": {
        "0": 0.0,
        "1": 0.2120029512,
        "2": 0.4135465736,
        "3": 0.5721230555,
        "4": 0.7817125425,
        "5": 0.7374687465,
        "6": 0.5969324653,
        "7": 0.0303598983,
        "8": 0.2714948185,
        "9": 0.4651640858,
        "10": 0.6226541168,
        "11": 0.8258390692,
        "12": 0.7857544014,
        "13": 0.6442588369,
        "14": 0.0935722885,
        "15": 0.3248702384,
        "16": 0.5158381752,
        "17": 0.6650096751,
        "18": 0.8721824747,
        "19": 0.8239685095,
        "20": 0.6838811826,
        "21": 0.1371547958,
        "22": 0.3575557945,
        "23": 0.5407304415,
        "24": 0.6848101547,
        "25": 0.8957241547,
        "26": 0.848523791,
        "27": 0.703612765,
        "28": 0.1993938777,
        "29": 0.4101159099,
        "30": 0.5955196825,
        "31": 0.746285456,
        "32": 0.9454141233,
        "33": 0.8946365325,
        "34": 0.7522580509,
        "35": 0.2797944347,
        "36": 0.4779646662,
        "37": 0.6567155101,
        "38": 0.8072677451,
        "39": 1.0,
        "40": 0.9428610448,
        "41": 0.8094269155,