{"Fire_area":{"0":1.0,"1":0.9631682676,"2":0.9421802619,"3":0.9301264649,"4":0.9008904467,"5":0.8551496985,"6":0.8020284547,"7":0.9723523804,"8":0.9404406773,"9":0.9198122161,"10":0.9086886533,"11":0.8797923819,"12":0.8312310843,"13":0.7861511272,"14":0.9513733304,"15":0.9184845481,"16":0.9020448937,"17":0.8865286882,"18":0.8597271995,"19":0.8126057368,"20":0.7683153262,"21":0.9380483512,"22":0.9069323884,"23":0.8880590153,"24":0.8774445425,"25":0.8489735974,"26":0.8010956255,"27":0.7599679309,"28":0.9359945476,"29":0.9041748774,"30":0.8849495087,"31":0.8719669976,"32":0.8445491708,"33":0.7955925058,"34":0.7558487949,"35":0.8890637777,"36":0.8581410605,"37":0.8387422734,"38":0.8270914347,"39":0.8005036309,"40":0.7538850854,"41":0.7171850472,"42":0.8661173887,"43":0.8349707929,"44":0.8161892335,"45":0.8030674674,"46":0.9008904467,"47":0.7349219953,"48":0.6997305096},"House_loss":{"0":1.0,"1":1.0050836186,"2":1.0019758761,"3":1.0071858191,"4":1.0083567237,"5":1.0148460473,"6":1.0158738386,"7":1.0213088835,"8":1.0200416463,"9":1.0168283619,"10":1.017897881,"11":1.0189732681,"12":1.02459674,"13":1.0246049715,"14":1.0100308068,"15":1.0120028525,"16":1.0076995925,"17":1.0094375713,"18":1.0104085575,"19":1.0159459658,"20":1.0168484923,"21":1.0157594132,"22":1.0149313773,"23":1.0099634882,"24":1.0156907905,"25":1.0160848411,"26":1.0169750611,"27":1.0263577017,"28":1.023890383,"29":1.0240334963,"30":1.0232236349,"31":1.0241250204,"32":1.0246766911,"33":1.0259248574,"34":1.0286488183,"35":1.0174887531,"36":1.0175596577,"37":1.0173373268,"38":1.0173727791,"39":1.0175603912,"40":1.0178599022,"41":1.027106846,"42":1.0268671557,"43":1.0267087205,"44":1.0265749796,"45":1.0267801141,"46":1.0083567237,"47":1.0269775876,"48":1.0298200489},"Life_loss":{"0":1.0,"1":1.0049568183,"2":1.00174388,"3":1.0068747466,"4":1.0079234039,"5":1.014167468,"6":1.015060517,"7":1.0211560092,"8":1.0200221879,"9":1.0167109835,"10":1.0176645288,"11":1.0185996341,"12":1.0240793253,"13":1.0240672745,"14":1.0093897932,"15":1.0115983952,"16":1.0072763841,"17":1.0088676483,"18":1.009714678,"19":1.0151207707,"20":1.0159096495,"21":1.0149764853,"22":1.014243978,"23":1.0093257383,"24":1.0149155037,"25":1.0152538141,"26":1.0160230397,"27":1.0256109828,"28":1.0234493707,"29":1.0235884799,"30":1.0228693983,"31":1.0236694383,"32":1.0241471006,"33":1.0252368436,"34":1.0277656394,"35":1.0164612339,"36":1.0165252888,"37":1.0163331239,"38":1.0163617546,"39":1.0165239139,"40":1.0167822365,"41":1.0262533116,"42":1.0260472358,"43":1.0259109573,"44":1.0257965966,"45":1.025973233,"46":1.0079234039,"47":1.0261421051,"48":1.0287761225},"Road_loss":{"0":1.0,"1":0.9939593551,"2":0.9471452874,"3":0.9583314276,"4":0.9467372015,"5":0.9350602629,"6":0.8942887427,"7":0.9930887548,"8":0.9948210413,"9":0.9507528173,"10":0.9590522048,"11":0.9467608056,"12":0.9264395365,"13":0.9026024846,"14":0.981422688,"15":0.9837528483,"16":0.9404011255,"17":0.9465522591,"18":0.9356994574,"19":0.9170984792,"20":0.893324809,"21":0.9786816391,"22":0.9825267832,"23":0.938508617,"24":0.946736249,"25":0.9350101732,"26":0.916447495,"27":0.8945165382,"28":0.9918643638,"29":0.9933581264,"30":0.9516609233,"31":0.9586093023,"32":0.9466278391,"33":0.9272544552,"34":0.9030735255,"35":0.9803874109,"36":0.9821183329,"37":0.9400019558,"38":0.9476386145,"39":0.9350134599,"40":0.9163103114,"41":0.8938559622,"42":0.9771365182,"43":0.9787803069,"44":0.9366050922,"45":0.9436130731,"46":0.9467372015,"47":0.9124488963,"48":0.8902793848},"Power_loss":{"0":1.0,"1":1.0047991531,"2":1.0014953999,"3":1.0065030551,"4":1.0074178051,"5":1.0133663231,"6":1.0141193497,"7":1.0208551775,"8":1.0198694583,"9":1.0164771137,"10":1.0173032723,"11":1.0180928249,"12":1.0233857187,"13":1.0233579237,"14":1.0086654535,"15":1.0111061217,"16":1.0067999884,"17":1.0082192926,"18":1.0089366745,"19":1.0141682912,"20":1.014837853,"21":1.0140620777,"22":1.0134327265,"23":1.0086064193,"24":1.0140096919,"25":1.0142912458,"26":1.0149366171,"27":1.0246790245,"28":1.0228392717,"29":1.0229700761,"30":1.0223496161,"31":1.0230398438,"32":1.0234413085,"33":1.0243652701,"34":1.026654548,"35":1.0152993932,"36":1.0153549831,"37":1.0151939006,"38":1.0152161685,"39":1.0153521795,"40":1.0155686116,"41":1.0252135364,"42":1.0250418005,"43":1.0249278173,"44":1.0248325775,"45":1.0249803633,"46":1.0074178051,"47":1.0251206196,"48":1.0275008919},"TFI_burnt":{"0":1.0,"1":0.9949877974,"2":0.9980458132,"3":0.9929297039,"4":0.991787098,"5":0.9855019824,"6":0.9845138341,"7":0.9793211967,"8":0.9805270114,"9":0.9835979009,"10":0.9825736433,"11":0.9815459928,"12":0.9762064872,"13":0.976198714,"14":0.9901581145,"15":0.9882458743,"16":0.9924281824,"17":0.9907347841,"18":0.9897912622,"19":0.9844445635,"20":0.9835786026,"21":0.9846237481,"22":0.9854198681,"23":0.9902234402,"24":0.984689755,"25":0.9843112152,"26":0.9834573619,"27":0.9745463955,"28":0.9768739732,"29":0.976738739,"30":0.9775048683,"31":0.976652224,"32":0.9761309928,"33":0.9749539221,"34":0.9723949503,"35":0.9829652832,"36":0.9828973227,"37":0.9831102088,"38":0.9830762566,"39":0.9828966205,"40":0.9826099785,"41":0.973841874,"42":0.9740671761,"43":0.9742161585,"44":0.9743419547,"45":0.9741491718,"46":0.991787098,"47":0.9739633601,"48":0.9712987854},"Edge_Treatment":{"0":"e0","1":"e0","2":"e0","3":"e0","4":"e0","5":"e0","6":"e0","7":"e1","8":"e1","9":"e1","10":"e1","11":"e1","12":"e1","13":"e1","14":"e2","15":"e2","16":"e2","17":"e2","18":"e2","19":"e2","20":"e2","21":"e3","22":"e3","23":"e3","24":"e3","25":"e3","26":"e3","27":"e3","28":"e5","29":"e5","30":"e5","31":"e5","32":"e5","33":"e5","34":"e5","35":"e10","36":"e10","37":"e10","38":"e10","39":"e10","40":"e10","41":"e10","42":"e15","43":"e15","44":"e15","45":"e15","46":"e15","47":"e15","48":"e15"},"Landscape_Treatment":{"0":"l0","1":"l1","2":"l2","3":"l3","4":"l5","5":"l10","6":"l15","7":"l0","8":"l1","9":"l2","10":"l3","11":"l5","12":"l10","13":"l15","14":"l0","15":"l1","16":"l2","17":"l3","18":"l5","19":"l10","20":"l15","21":"l0","22":"l1","23":"l2","24":"l3","25":"l5","26":"l10","27":"l15","28":"l0","29":"l1","30":"l2","31":"l3","32":"l5","33":"l10","34":"l15","35":"l0","36":"l1","37":"l2","38":"l3","39":"l5","40":"l10","41":"l15","42":"l0","43":"l1","44":"l2","45":"l3","46":"l5","47":"l10","48":"l15"},"total":{"0":425353.212118911,"1":1878378.97649314,"2":2442519.9579021898,"3":3660311.5970406099,"4":4906062.1825485397,"5":5824343.5050755804,"6":8095992.5837416798,"7":1132229.2175078499,"8":2587532.0544823101,"9":3151704.2844174202,"10":4370160.9797295099,"11":5615611.3112187302,"12":6532812.5311441002,"13":8808102.4927067105,"14":1523819.48834562,"15":2978887.1900520101,"16":3544457.6366000399,"17":4761215.2163245399,"18":6007514.38989441,"19":6925349.6019057296,"20":9201101.8696556799,"21":1871656.3220905301,"22":3327440.57268079,"23":3892300.9904261399,"24":5110792.6546459803,"25":6356426.71959191,"26":7274045.8903754298,"27":9550854.3722935691,"28":2405304.5147367101,"29":3860882.2532387301,"30":4425544.8428204097,"31":5643346.4800961604,"32":6889279.1396883503,"33":7806638.8472329304,"34":10084002.0706537999,"35":2998509.7811385901,"36":4454376.9360953802,"37":5018987.8402771596,"38":6237137.9197482904,"39":7483828.6046975302,"40":8401949.4645398092,"41":10680501.6536807995,"42":3400571.1994321598,"43":4856324.6837355401,"44":5421316.4301148597,"45":6639003.0608439799,"46":7886511.1139880596,"47":8805627.0516213309,"48":11084934.0510173999},"House_loss_cost":{"0":0.0,"1":0.0,"2":0.0,"3":0.0,"4":0.0,"5":0.0,"6":0.0,"7":0.0,"8":0.0,"9":0.0,"10":0.0,"11":0.0,"12":0.0,"13":0.0,"14":0.0,"15":0.0,"16":0.0,"17":0.0,"18":0.0,"19":0.0,"20":0.0,"21":0.0,"22":0.0,"23":0.0,"24":0.0,"25":0.0,"26":0.0,"27":0.0,"28":0.0,"29":0.0,"30":0.0,"31":0.0,"32":0.0,"33":0.0,"34":0.0,"35":0.0,"36":0.0,"37":0.0,"38":0.0,"39":0.0,"40":0.0,"41":0.0,"42":0.0,"43":0.0,"44":0.0,"45":0.0,"46":0.0,"47":0.0,"48":0.0},"Carbon_cost":{"0":54921.3686242532,"1":53276.0331132268,"2":51954.1294405194,"3":51095.9407536031,