{"Fire_area":{"0":1.0,"1":0.9856530091,"2":0.9805683796,"3":0.9795392238,"4":0.9714779689,"5":0.936218772,"6":0.9119681465,"7":0.9864344287,"8":0.9784819945,"9":0.9637316698,"10":0.9617356585,"11":0.9470622477,"12":0.9146387184,"13":0.8993417346,"14":0.9577810423,"15":0.9581642943,"16":0.9351099756,"17":0.9420741152,"18":0.9297308005,"19":0.9047920002,"20":0.8872121051,"21":0.9435556925,"22":0.9403217397,"23":0.9255304663,"24":0.924138778,"25":0.9093725004,"26":0.8888137273,"27":0.8682460861,"28":0.9035208261,"29":0.9113770373,"30":0.8908410952,"31":0.8768404831,"32":0.8804276107,"33":0.8431535986,"34":0.8395798504,"35":0.8510438527,"36":0.83611099,"37":0.831742761,"38":0.8263136064,"39":0.8157168378,"40":0.7934160379,"41":0.7734931333,"42":0.827809453,"43":0.8178691124,"44":0.8106750017,"45":0.8115551288,"46":0.9714779689,"47":0.771789974,"48":0.8193547011},"House_loss":{"0":1.0,"1":1.0017232248,"2":0.9962897863,"3":0.9750150446,"4":0.9553357405,"5":0.9279593224,"6":0.8836907346,"7":0.9017505713,"8":0.8942966327,"9":0.8949984252,"10":0.8834056134,"11":0.8753107407,"12":0.8380644433,"13":0.7961693944,"14":0.8378023969,"15":0.8367533578,"16":0.8154376397,"17":0.8129052509,"18":0.7982679035,"19":0.753799846,"20":0.727327376,"21":0.7870035889,"22":0.7881630827,"23":0.7728622675,"24":0.7654061502,"25":0.7376295226,"26":0.7143788275,"27":0.6841998237,"28":0.6719625639,"29":0.6578305337,"30":0.6538239807,"31":0.6448624384,"32":0.6337015631,"33":0.6036402882,"34":0.5707238735,"35":0.5048444804,"36":0.4938522203,"37":0.4851400904,"38":0.489393763,"39":0.4750562336,"40":0.4516918448,"41":0.4361066261,"42":0.4488325561,"43":0.4345719079,"44":0.4259543988,"45":0.4302012186,"46":0.9553357405,"47":0.3980390288,"48":0.5326687342},"Life_loss":{"0":1.0,"1":0.9666582614,"2":0.9453138972,"3":0.9491762075,"4":0.910012857,"5":0.844490801,"6":0.7755082584,"7":0.8504799854,"8":0.8229096473,"9":0.8210003373,"10":0.7941437613,"11":0.776599775,"12":0.7745239207,"13":0.7005655349,"14":0.7671920136,"15":0.7431055112,"16":0.747023586,"17":0.7280370869,"18":0.728931326,"19":0.7119231639,"20":0.614430463,"21":0.7025867958,"22":0.6605539325,"23":0.6679717561,"24":0.6687491469,"25":0.6139602042,"26":0.6193688647,"27":0.5697741411,"28":0.5865177045,"29":0.5765540158,"30":0.5807762595,"31":0.5751281581,"32":0.5663944389,"33":0.5512200941,"34":0.5076503676,"35":0.4595322415,"36":0.4483342204,"37":0.4590663888,"38":0.4678478349,"39":0.4468393353,"40":0.4457003113,"41":0.4266570991,"42":0.4266944785,"43":0.4268953095,"44":0.4189522208,"45":0.4280407343,"46":0.910012857,"47":0.3983690375,"48":0.5589821598},"Road_loss":{"0":1.0,"1":0.9830227081,"2":0.9824914564,"3":0.9688193322,"4":0.9580365395,"5":0.941687487,"6":0.918866589,"7":0.9484160486,"8":0.9392930201,"9":0.9269902383,"10":0.9250471487,"11":0.9098147019,"12":0.8902546914,"13":0.8676764231,"14":0.9238978149,"15":0.9121474862,"16":0.9160987104,"17":0.9040480152,"18":0.8851995916,"19":0.8635739724,"20":0.8502423319,"21":0.8918561587,"22":0.8786125592,"23":0.8715412635,"24":0.8653084976,"25":0.8586025343,"26":0.822239343,"27":0.814999031,"28":0.8226081182,"29":0.8103057411,"30":0.8179981115,"31":0.8123337236,"32":0.7899567821,"33":0.7678751753,"34":0.7474932341,"35":0.7285226796,"36":0.7200554018,"37":0.7113339533,"38":0.7150556732,"39":0.7023952807,"40":0.6839248752,"41":0.6594144234,"42":0.6887797571,"43":0.6834820094,"44":0.6831315783,"45":0.684278108,"46":0.9580365395,"47":0.6502051579,"48":0.7275640803},"Power_loss":{"0":1.0,"1":0.9865459266,"2":0.9731104777,"3":0.9453004666,"4":0.9604590789,"5":0.900519508,"6":0.8947005624,"7":0.9483632626,"8":0.9444982823,"9":0.9380507132,"10":0.9103491859,"11":0.9079351157,"12":0.8687392847,"13":0.8637780381,"14":0.9347241874,"15":0.912030088,"16":0.909601968,"17":0.8912069978,"18":0.8778497257,"19":0.8291481408,"20":0.8283768121,"21":0.8919311494,"22":0.8893537493,"23":0.8796333219,"24":0.8790934678,"25":0.8730078188,"26":0.8227133108,"27":0.8074231665,"28":0.8243323383,"29":0.8057071115,"30":0.8088400902,"31":0.7897614516,"32":0.7893177015,"33":0.7362768054,"34":0.7357471192,"35":0.709227308,"36":0.7129672511,"37":0.7005795169,"38":0.7027060147,"39":0.6854823809,"40":0.6503826458,"41":0.6474686607,"42":0.6789354267,"43":0.6835917183,"44":0.6730295051,"45":0.6704571675,"46":0.9604590789,"47":0.6208490606,"48":0.6999057867},"TFI_burnt":{"0":1.0,"1":1.0044444567,"2":1.0026357447,"3":1.0045194405,"4":1.0013486151,"5":0.9731782226,"6":0.9633906191,"7":0.9887901999,"8":0.9746517402,"9":0.9770841479,"10":0.9658730486,"11":0.9757574286,"12":0.9490362363,"13":0.9383957504,"14":0.9492308515,"15":0.9366095893,"16":0.9329660453,"17":0.9269741341,"18":0.9265342243,"19":0.9110456857,"20":0.8996931074,"21":0.9126034271,"22":0.9051466916,"23":0.9060423267,"24":0.8967421217,"25":0.9028369885,"26":0.8824237573,"27":0.879292668,"28":0.9210905728,"29":0.9015457356,"30":0.9155302993,"31":0.9054439236,"32":0.907222641,"33":0.8883059073,"34":0.8823260172,"35":0.8684269368,"36":0.855279766,"37":0.8603329791,"38":0.8505535501,"39":0.8531344855,"40":0.8449178549,"41":0.8444055935,"42":0.8360292133,"43":0.8304547472,"44":0.8339222874,"45":0.8266443902,"46":1.0013486151,"47":0.820732415,"48":0.8605439696},"Edge_Treatment":{"0":"e0","1":"e0","2":"e0","3":"e0","4":"e0","5":"e0","6":"e0","7":"e1","8":"e1","9":"e1","10":"e1","11":"e1","12":"e1","13":"e1","14":"e2","15":"e2","16":"e2","17":"e2","18":"e2","19":"e2","20":"e2","21":"e3","22":"e3","23":"e3","24":"e3","25":"e3","26":"e3","27":"e3","28":"e5","29":"e5","30":"e5","31":"e5","32":"e5","33":"e5","34":"e5","35":"e10","36":"e10","37":"e10","38":"e10","39":"e10","40":"e10","41":"e10","42":"e15","43":"e15","44":"e15","45":"e15","46":"e15","47":"e15","48":"e15"},"Landscape_Treatment":{"0":"l0","1":"l1","2":"l2","3":"l3","4":"l5","5":"l10","6":"l15","7":"l0","8":"l1","9":"l2","10":"l3","11":"l5","12":"l10","13":"l15","14":"l0","15":"l1","16":"l2","17":"l3","18":"l5","19":"l10","20":"l15","21":"l0","22":"l1","23":"l2","24":"l3","25":"l5","26":"l10","27":"l15","28":"l0","29":"l1","30":"l2","31":"l3","32":"l5","33":"l10","34":"l15","35":"l0","36":"l1","37":"l2","38":"l3","39":"l5","40":"l10","41":"l15","42":"l0","43":"l1","44":"l2","45":"l3","46":"l5","47":"l10","48":"l15"},"total":{"0":7372689.2521263398,"1":7925636.9849291705,"2":7984637.0162148103,"3":7941638.8684873702,"4":7902382.9353866801,"5":7847906.7351736696,"6":7506063.8020434799,"7":7464685.1259540701,"8":7960765.1146577699,"9":8064317.9099141201,"10":8073422.9550920902,"11":8110663.4270358002,"12":8041680.14787958,"13":7740002.9451760398,"14":7377620.3853491601,"15":7950258.4031745596,"16":7935119.6472399002,"17":7964190.5122143803,"18":8004679.8823209498,"19":7919444.5425350703,"20":7738920.2587912604,"21":7343389.8138033701,"22":7874560.6838720003,"23":7917620.3060714602,"24":7940439.5803672504,"25":7882984.6446679998,"26":7897757.8658452099,"27":7699600.00485064,"28":7272972.1547809504,"29":7762168.93990047,"30":7862501.3294470897,"31":7865385.47690026,"32":7950951.2480247896,"33":7913154.4293152196,"34":7733486.9845804898,"35":6861119.2158386102,"36":7359974.0888385102,"37":7433629.7711832896,"38":7543273.5402293997,"39":7585382.1291295802,"40":7605216.1218511704,"41":7557990.7902041897,"42":6695668.2412361996,"43":7220129.8685474796,"44":7271574.0032108398,"45":7380963.8612229005,"46":7393121.2437888598,"47":7456212.0883295797,"48":8460669.7117453609},"House_loss_cost":{"0":4326258.7115279203,"1":4337125.7550685303,"2":4311152.2154099597,"3":4197720.0933538098,"4":4088198.1733416002,"5":3977273.5430729399,"6":3700822.7716714102,"7":3836867.7379205101,"8":3798048.7556465599,"9":3804220.2215021499,"10":3771131.2731470298,"11":3701553.0560301002,"12":3530858.8802793599,"13":3301243.0905920202,"14":3514565.8691111598,"15":3518619.1063665599,"16":3424707.5184673402,"17":3393199.5038329801,"18":3321857.1444655298,"19":3135067.3874756098,"20":3011885.0497793602,"21":3261981.8881219798,"22":3254858.93936022,