{"Fire_area":{"0":1.0,"1":0.9868949234,"2":0.8928747026,"3":0.8565893189,"4":0.6567265525,"5":0.5684662911,"6":0.571269904,"7":1.0473265015,"8":0.8764101523,"9":0.7587275187,"10":0.6885664267,"11":0.5016329332,"12":0.4466065787,"13":0.4283967424,"14":0.9898017875,"15":0.8037037274,"16":0.7486192467,"17":0.6732867962,"18":0.4801865614,"19":0.423728755,"20":0.4053868077,"21":1.0224270519,"22":0.7859166972,"23":0.727810158,"24":0.682846251,"25":0.4824083284,"26":0.4193719272,"27":0.4109013676,"28":0.8602535219,"29":0.6349516384,"30":0.5714299022,"31":0.5334400826,"32":0.4823857681,"33":0.3660243308,"34":0.357124843,"35":0.8727087263,"36":0.6327006217,"37":0.5687797992,"38":0.5199228266,"39":0.4132582365,"40":0.3771813085,"41":0.3509143608,"42":0.8703024494,"43":0.6162597573,"44":0.5438529722,"45":0.5044119666,"46":0.6567265525,"47":0.3533443284,"48":0.3680731375},"House_loss":{"0":1.0,"1":1.0127214935,"2":0.9681436729,"3":1.0023186877,"4":0.8572723283,"5":0.878489503,"6":0.8793569825,"7":0.9727033701,"8":0.8316576994,"9":0.7298896219,"10":0.7128935525,"11":0.5519108103,"12":0.5612280337,"13":0.5380481271,"14":0.8998609034,"15":0.7227953554,"16":0.7020752062,"17":0.6620240133,"18":0.4946481196,"19":0.513194056,"20":0.4889705333,"21":0.8983220231,"22":0.6567001655,"23":0.6392848039,"24":0.6440744245,"25":0.4719981923,"26":0.4834255123,"27":0.4654816138,"28":0.6888671589,"29":0.4659079426,"30":0.4391021518,"31":0.4415820865,"32":0.4450663369,"33":0.3775847231,"34":0.3686752819,"35":0.570490338,"36":0.3843418657,"37":0.3602984105,"38":0.3577868842,"39":0.3047675214,"40":0.2991969827,"41":0.2901308095,"42":0.4887993562,"43":0.3091280819,"44":0.289950922,"45":0.2832520354,"46":0.8572723283,"47":0.236005615,"48":0.2392364851},"Life_loss":{"0":1.0,"1":1.0184700061,"2":0.9490310569,"3":1.0023955665,"4":0.8458362111,"5":0.8575501479,"6":0.8725464352,"7":1.0095899709,"8":0.7721157822,"9":0.6497714637,"10":0.6232108283,"11":0.4659263448,"12":0.474746517,"13":0.4613853633,"14":0.8853912982,"15":0.6552289357,"16":0.6288151931,"17":0.587977797,"18":0.4319508342,"19":0.4561029311,"20":0.4503965828,"21":0.9002985464,"22":0.5848665801,"23":0.5666168656,"24":0.5863760206,"25":0.4203606421,"26":0.4272466772,"27":0.4158370479,"28":0.6940763876,"29":0.4230429948,"30":0.4063815641,"31":0.4086840714,"32":0.3973940314,"33":0.3624581572,"34":0.3598283414,"35":0.5896170939,"36":0.3843161452,"37":0.3648079047,"38":0.3524891266,"39":0.3231812378,"40":0.3213661434,"41":0.3201901725,"42":0.5515246387,"43":0.3491861476,"44":0.3346372278,"45":0.3338606433,"46":0.8458362111,"47":0.3011062976,"48":0.3104027038},"Road_loss":{"0":1.0,"1":0.9667055395,"2":0.8821979619,"3":0.8828604156,"4":0.7029900115,"5":0.656704213,"6":0.6675677541,"7":0.9987917656,"8":0.8602783336,"9":0.7515603648,"10":0.7003582213,"11":0.5318047467,"12":0.4874829483,"13":0.4798553413,"14":0.9399263919,"15":0.7689868644,"16":0.7291440321,"17":0.6674478193,"18":0.497152146,"19":0.4514428364,"20":0.4429650501,"21":0.9615156353,"22":0.7509858766,"23":0.7048057873,"24":0.6848734605,"25":0.4999008819,"26":0.4496063012,"27":0.4470260016,"28":0.7909300478,"29":0.5866954836,"30":0.5338338706,"31":0.5168427721,"32":0.4926799427,"33":0.3908055556,"34":0.3862403037,"35":0.7780829087,"36":0.5607417591,"37":0.5031316498,"38":0.4744488843,"39":0.4009776245,"40":0.3835367729,"41":0.3659441509,"42":0.7698421234,"43":0.5380621261,"44":0.4871137847,"45":0.4638671872,"46":0.7029900115,"47":0.3595698495,"48":0.3853117493},"Power_loss":{"0":1.0,"1":0.9768233615,"2":0.9193978571,"3":0.9246757429,"4":0.7981711501,"5":0.7667060165,"6":0.7609861655,"7":0.9933504101,"8":0.8529719129,"9":0.7754759249,"10":0.7477755349,"11":0.6037571542,"12":0.5566510353,"13":0.531301127,"14":0.9328292272,"15":0.7682130244,"16":0.7412759216,"17":0.7108905213,"18":0.5514563085,"19":0.5143267075,"20":0.4851183777,"21":0.9142842556,"22":0.7364928343,"23":0.7020854557,"24":0.6917426996,"25":0.5406131145,"26":0.4947061062,"27":0.4718052838,"28":0.7601850825,"29":0.5822214654,"30":0.5392252941,"31":0.5295327654,"32":0.5197463194,"33":0.4117054987,"34":0.3913879363,"35":0.6932071455,"36":0.5086658458,"37":0.4664883166,"38":0.4533344478,"39":0.399594354,"40":0.3580318047,"41":0.3260307177,"42":0.6373708113,"43":0.4474258909,"44":0.4080533904,"45":0.3967222371,"46":0.7981711501,"47":0.2966097959,"48":0.2983952463},"TFI_burnt":{"0":1.0,"1":0.556869634,"2":0.5553810888,"3":0.550883935,"4":0.5536553145,"5":0.5515318137,"6":0.5545238546,"7":0.5591786048,"8":1.0007843537,"9":0.9962201079,"10":0.9988829408,"11":0.9914024375,"12":0.9897057541,"13":0.9926100286,"14":0.5627999074,"15":0.9990621129,"16":1.0009498827,"17":0.9952594319,"18":0.9949505186,"19":0.9848994867,"20":0.9994998745,"21":0.5628138737,"22":0.9975213265,"23":0.991911607,"24":0.9927675883,"25":0.9920238874,"26":0.9949475204,"27":0.9886656047,"28":0.5611257114,"29":0.9915637,"30":0.9955011723,"31":0.9911754846,"32":0.9881444242,"33":0.9910488684,"34":0.9904360322,"35":0.5655211789,"36":0.9858375197,"37":0.9964972159,"38":0.9955055001,"39":0.987848503,"40":0.9909664813,"41":0.991798521,"42":0.5653963654,"43":0.985773792,"44":0.9912244795,"45":0.9931513548,"46":0.5536553145,"47":0.989920576,"48":0.9900395167},"Edge_Treatment":{"0":"e0","1":"e0","2":"e0","3":"e0","4":"e0","5":"e0","6":"e0","7":"e1","8":"e1","9":"e1","10":"e1","11":"e1","12":"e1","13":"e1","14":"e2","15":"e2","16":"e2","17":"e2","18":"e2","19":"e2","20":"e2","21":"e3","22":"e3","23":"e3","24":"e3","25":"e3","26":"e3","27":"e3","28":"e5","29":"e5","30":"e5","31":"e5","32":"e5","33":"e5","34":"e5","35":"e10","36":"e10","37":"e10","38":"e10","39":"e10","40":"e10","41":"e10","42":"e15","43":"e15","44":"e15","45":"e15","46":"e15","47":"e15","48":"e15"},"Landscape_Treatment":{"0":"l0","1":"l1","2":"l2","3":"l3","4":"l5","5":"l10","6":"l15","7":"l0","8":"l1","9":"l2","10":"l3","11":"l5","12":"l10","13":"l15","14":"l0","15":"l1","16":"l2","17":"l3","18":"l5","19":"l10","20":"l15","21":"l0","22":"l1","23":"l2","24":"l3","25":"l5","26":"l10","27":"l15","28":"l0","29":"l1","30":"l2","31":"l3","32":"l5","33":"l10","34":"l15","35":"l0","36":"l1","37":"l2","38":"l3","39":"l5","40":"l10","41":"l15","42":"l0","43":"l1","44":"l2","45":"l3","46":"l5","47":"l10","48":"l15"},"total":{"0":6964488.15159465,"1":7774052.3913776604,"2":7642380.7057635402,"3":8093123.2926902398,"4":7410168.6774020698,"5":7938033.3575119898,"6":8229741.9958371399,"7":7572164.7454023799,"8":6362249.66948801,"9":5905989.4086772297,"10":5959025.1505230302,"11":5225540.2187834801,"12":5756735.50751522,"13":5904725.9725420298,"14":7181806.38744717,"15":5810340.2544300901,"16":5933753.0842902204,"17":5870925.19067307,"18":5145449.1642091498,"19":5670869.3622106696,"20":5852078.1930881999,"21":7349898.1121330699,"22":5589924.3750712797,"23":5663474.2819966096,"24":5969298.26093785,"25":5171050.3102041604,"26":5660119.0205500601,"27":5837474.7458689604,"28":6318881.64008715,"29":4713220.5111179799,"30":4773852.3739644801,"31":5000376.7821814902,"32":5241617.1120118499,"33":5347277.11737647,"34":5602152.1661372604,"35":6003673.65402795,"36":4712126.8519034898,"37":4715512.6588258203,"38":4900389.3177545303,"39":4876365.7147273999,"40":5287630.2536935797,"41":5525226.22588077,"42":5881170.67892092,"43":4555662.8880579704,"44":4635467.8854693295,"45":4823176.8048809497,"46":4875230.0112189502,"47":5275306.7373411702,"48":5579072.2445641998},"House_loss_cost":{"0":2357411.1854686299,"1":2413601.8649858702,"2":2305067.9000729802,"3":2399521.8291664799,"4":2040645.29198217,"5":2087382.1799327701,"6":2107266.1109875902,"7":2315266.3591914601,"8":1946398.41532091,"9":1694226.18355384,"10":1658861.7433342,"11":1275625.01422836,"12":1298881.4942707201,"13":1249118.06156688,"14":2127760.6725657498,"15":1673428.23420271,"16":1631988.4490507899,"17":1541510.84908652,"18":1153761.0644346599,"19":1199385.47765734,"20":1146173.48868146,"21":2128386.8171141502,"22":1513986.38844939,"23":1476064.00180143,