{"Fire_area":{"0":1.0,"1":0.9827543538,"2":0.9699755101,"3":0.9620540559,"4":0.9481227589,"5":0.9485759552,"6":0.9509263461},"House_loss":{"0":1.0,"1":0.999992803,"2":0.9999841387,"3":0.9999630368,"4":0.9999628971,"5":0.9999628272,"6":0.9999628971},"Life_loss":{"0":1.0,"1":0.9999998603,"2":0.9999773608,"3":0.9999704432,"4":0.9999703035,"5":0.9999702336,"6":0.9999703035},"Road_loss":{"0":1.0,"1":0.9863696095,"2":0.9794227623,"3":0.9757550051,"4":0.9687505227,"5":0.9670902972,"6":0.9670577524},"Power_loss":{"0":1.0,"1":0.9999999301,"2":0.9999983928,"3":0.9999982531,"4":0.9999981133,"5":0.9999980435,"6":0.9999981133},"TFI_burnt":{"0":1.0,"1":0.9914992942,"2":0.9859071471,"3":0.9838915543,"4":0.9814929101,"5":0.9651093785,"6":0.9617211317},"Edge_Treatment":{"0":"e0","1":"e0","2":"e0","3":"e0","4":"e0","5":"e0","6":"e0"},"Landscape_Treatment":{"0":"l0","1":"l1","2":"l2","3":"l3","4":"l5","5":"l10","6":"l15"},"total":{"0":3556460.45596501,"1":3234466.3199944999,"2":2913821.9658092,"3":2677205.3255532798,"4":2480994.46271506,"5":2750365.6997424099,"6":3328131.7874659002},"House_loss_cost":{"0":87.9078070284,"1":82.4856833788,"2":76.0749753681,"3":60.2577856625,"4":60.2075924689,"5":60.1660540269,"6":60.1838655712},"Carbon_cost":{"0":3485028.1382460701,"1":2592407.5672118198,"2":1962016.8790074801,"3":1563439.9847375599,"4":917170.930189463,"5":893266.604806822,"6":967066.650575869},"Power_loss_cost":{"0":0.0,"1":0.0,"2":0.0,"3":0.0,"4":0.0,"5":0.0,"6":0.0},"Environmental_cost":{"0":70652.3197555378,"1":111710.208952459,"2":141615.594033562,"3":152685.991030499,"4":166364.29315639,"5":255547.69002773,"6":274076.013553665},"Life_loss_cost":{"0":692.0901563717,"1":690.7328468515,"2":550.0862927875,"3":506.1653995654,"4":505.7437767391,"5":505.3948538261,"6":505.5444707978},"Edge_cost":{"0":0.0,"1":0.0,"2":0.0,"3":0.0,"4":0.0,"5":0.0,"6":0.0},"Landscape_cost":{"0":0.0,"1":529575.3253,"2":809563.3315,"3":960512.9266,"4":1396893.2879999999,"5":1600985.844,"6":2086423.395},"region":{"0":"SA_MDD","1":"SA_MDD","2":"SA_MDD","3":"SA_MDD","4":"SA_MDD","5":"SA_MDD","6":"SA_MDD"}}