{"Fire_area":{"0":1.0,"1":0.9990191528,"2":0.9922857438,"3":0.9902291809,"4":0.9833254843,"5":0.9795966067,"6":0.9575112391,"7":0.9956218476,"8":0.9874048113,"9":0.9829838322,"10":0.9764972909,"11":0.9720075156,"12":0.9635256859,"13":0.9473833127,"14":0.9894609737,"15":0.9788327539,"16":0.9759634008,"17":0.9739467066,"18":0.9661146461,"19":0.9628044292,"20":0.9414694212,"21":0.9774443449,"22":0.9693309498,"23":0.9650440558,"24":0.9586621843,"25":0.9529818312,"26":0.9488457161,"27":0.9321187003,"28":0.9636107412,"29":0.9553001242,"30":0.9541796719,"31":0.9500604239,"32":0.9429736822,"33":0.9364647449,"34":0.9249656281,"35":0.9398003103,"36":0.9316678074,"37":0.9277524672,"38":0.9251631638,"39":0.9192027548,"40":0.9172884381,"41":0.9077871417,"42":0.9198200982,"43":0.9111538924,"44":0.9130506942,"45":0.9080587568,"46":0.9058193723,"47":0.9015378042,"48":0.8935717963},"House_loss":{"0":1.0,"1":1.0030030503,"2":0.9996556005,"3":0.9982417445,"4":0.9938513387,"5":0.9779163811,"6":0.924633877,"7":1.0007785603,"8":0.9928671752,"9":0.9902014841,"10":0.9881157603,"11":0.9787718779,"12":0.9697472324,"13":0.9173505742,"14":0.9951402627,"15":0.9821068614,"16":0.9820815641,"17":0.9775816702,"18":0.9782086249,"19":0.9664491521,"20":0.9101537397,"21":0.986663489,"22":0.9809852607,"23":0.9785419464,"24":0.9743543267,"25":0.9718111345,"26":0.9566212373,"27":0.9060047894,"28":0.9729140759,"29":0.974555732,"30":0.9637520505,"31":0.9676682805,"32":0.9600105837,"33":0.9487062531,"34":0.8954006428,"35":0.9557407605,"36":0.9535731057,"37":0.9507535539,"38":0.9489964867,"39":0.9458975495,"40":0.9280442154,"41":0.8780924354,"42":0.9500809375,"43":0.9415601755,"44":0.938061527,"45":0.9409813473,"46":0.934302901,"47":0.9234007393,"48":0.8747403299},"Life_loss":{"0":1.0,"1":1.0100942673,"2":0.9912684444,"3":0.9891015156,"4":0.9934588934,"5":0.9687249223,"6":0.8854959121,"7":0.9992754691,"8":0.9955838205,"9":0.9884912653,"10":0.974760887,"11":0.9715923463,"12":0.9600688071,"13":0.8768985213,"14":0.9925688577,"15":0.9959392824,"16":0.9907394466,"17":0.9639133714,"18":0.9671602686,"19":0.9515584803,"20":0.8684327458,"21":0.9761988561,"22":0.9725540331,"23":0.9847787553,"24":0.9630094501,"25":0.968146511,"26":0.9502459111,"27":0.8642787386,"28":0.9666962086,"29":0.9536042291,"30":0.9465106742,"31":0.9444455481,"32":0.9587694297,"33":0.9267656565,"34":0.8472880449,"35":0.9479713344,"36":0.9328244109,"37":0.9247964351,"38":0.928629007,"39":0.9272472397,"40":0.8930818661,"41":0.8330875314,"42":0.9222462388,"43":0.908706808,"44":0.9265104405,"45":0.9088437771,"46":0.925670263,"47":0.8918106182,"48":0.831401093},"Road_loss":{"0":1.0,"1":0.9989640101,"2":0.9945168892,"3":0.9903017117,"4":0.9798344674,"5":0.9736039139,"6":0.9618302236,"7":0.9966528788,"8":0.9872962733,"9":0.9853002035,"10":0.9800315145,"11":0.9724285379,"12":0.9644118849,"13":0.9547350943,"14":0.9924417042,"15":0.9841922696,"16":0.9778831715,"17":0.9749327429,"18":0.9654797346,"19":0.9585688238,"20":0.9475531606,"21":0.9827627593,"22":0.9733177331,"23":0.9710063577,"24":0.9649064652,"25":0.9569276233,"26":0.9522300497,"27":0.9397426111,"28":0.9733046115,"29":0.9652189103,"30":0.9614472818,"31":0.9562975294,"32":0.9493961423,"33":0.9440103384,"34":0.9339424684,"35":0.9531645298,"36":0.9453628924,"37":0.941677997,"38":0.9383624601,"39":0.9303158671,"40":0.9254863518,"41":0.9164285129,"42":0.9399208554,"43":0.9311639827,"44":0.930085705,"45":0.9259548623,"46":0.9210840707,"47":0.9170322306,"48":0.9101418821},"Power_loss":{"0":1.0,"1":1.0020191484,"2":0.9978944193,"3":0.9911544286,"4":0.9852510285,"5":0.9763944847,"6":0.9718063215,"7":1.0008574973,"8":0.988153232,"9":0.9843568654,"10":0.975905024,"11":0.9696406743,"12":0.9693572591,"13":0.9659269971,"14":0.9922184179,"15":0.9738534193,"16":0.978143661,"17":0.9716707306,"18":0.964411328,"19":0.9587356788,"20":0.9539284361,"21":0.9785471752,"22":0.9622377907,"23":0.9638903332,"24":0.9564354876,"25":0.9503760994,"26":0.9451562458,"27":0.9420439333,"28":0.9607606423,"29":0.9490886322,"30":0.9532294272,"31":0.948831191,"32":0.9449793014,"33":0.9409548087,"34":0.9364641445,"35":0.9422275579,"36":0.9332080094,"37":0.9316128619,"38":0.9257436693,"39":0.9249779771,"40":0.9244936191,"41":0.9188724441,"42":0.9330709578,"43":0.9198157611,"44":0.9192883043,"45":0.9146658856,"46":0.9145773003,"47":0.9158733241,"48":0.9113219197},"TFI_burnt":{"0":1.0,"1":1.0247507118,"2":0.9994691624,"3":0.9442178908,"4":0.9144478745,"5":0.9418525112,"6":0.9703350535,"7":0.9030746377,"8":0.8837700512,"9":0.8692783682,"10":0.8380820096,"11":0.8288135459,"12":0.8468517494,"13":0.8802893269,"14":0.861750099,"15":0.8489238261,"16":0.8365480698,"17":0.8136300686,"18":0.7989292736,"19":0.834866111,"20":0.8482554887,"21":0.8370867215,"22":0.8322940123,"23":0.8122089838,"24":0.7838040354,"25":0.7754714419,"26":0.8017489295,"27":0.8342389251,"28":0.7914994173,"29":0.780667868,"30":0.7632409485,"31":0.7455436377,"32":0.7503750394,"33":0.7682014153,"34":0.7903280574,"35":0.7580599219,"36":0.7576853747,"37":0.7482356868,"38":0.7328330264,"39":0.7382967523,"40":0.7582109678,"41":0.7728987501,"42":0.7879711586,"43":0.7872919455,"44":0.7789042848,"45":0.7663111298,"46":0.7650070521,"47":0.7933993331,"48":0.8096381425}}