{"Fire_area":{"0":1.0,"1":0.9958656655,"2":0.9954485508,"3":0.9855925052,"4":0.9735456077,"5":0.9646609191,"6":0.9652650539,"7":0.9963718306,"8":0.9794868977,"9":0.9802562722,"10":0.9704273867,"11":0.9570508574,"12":0.9498332401,"13":0.9501439914,"14":0.9873425433,"15":0.9717553761,"16":0.9711125813,"17":0.9624870372,"18":0.9498525753,"19":0.943144178,"20":0.9431787363,"21":0.9792294162,"22":0.9642254937,"23":0.962855611,"24":0.9546811951,"25":0.94407928,"26":0.9368313784,"27":0.936876439,"28":0.9669282793,"29":0.9527255998,"30":0.9515446868,"31":0.9441078564,"32":0.9324461596,"33":0.9262103909,"34":0.9260898533,"35":0.9423729309,"36":0.9300459072,"37":0.9298214577,"38":0.9207065873,"39":0.910866933,"40":0.9050585743,"41":0.9048596293,"42":0.9310664573,"43":0.9198406439,"44":0.918337509,"45":0.9097057818,"46":0.8991828462,"47":0.8950040872,"48":0.8945643384},"House_loss":{"0":1.0,"1":1.0230141156,"2":1.0273846767,"3":1.0214003801,"4":1.0119919741,"5":1.0105847256,"6":1.0078090488,"7":0.9528970521,"8":0.9281510283,"9":0.9326129736,"10":0.9297681986,"11":0.9262804441,"12":0.9206420187,"13":0.9174597779,"14":0.9246974022,"15":0.8989272184,"16":0.8985785999,"17":0.8951384666,"18":0.8906949899,"19":0.8917202918,"20":0.890383387,"21":0.8872301215,"22":0.8663905886,"23":0.867335512,"24":0.8619180104,"25":0.8612326858,"26":0.8606012121,"27":0.8592947338,"28":0.8749507611,"29":0.8543651736,"30":0.8528578089,"31":0.8513950883,"32":0.8477690252,"33":0.848272747,"34":0.8449852842,"35":0.8126026949,"36":0.7950484509,"37":0.7957821973,"38":0.7925112227,"39":0.7917618716,"40":0.792488535,"41":0.7902750643,"42":0.7863404016,"43":0.7697734091,"44":0.7716649468,"45":0.7687217891,"46":0.7695387396,"47":0.7681549534,"48":0.7658317662},"Life_loss":{"0":1.0,"1":1.005112259,"2":1.0109805805,"3":0.9899391664,"4":0.9984333047,"5":0.9961964753,"6":0.9928544146,"7":0.9538971175,"8":0.9390915214,"9":0.9482066932,"10":0.9401930825,"11":0.9368853469,"12":0.9399726366,"13":0.9297545946,"14":0.9277300543,"15":0.9075375325,"16":0.9091456419,"17":0.8995577505,"18":0.8995358364,"19":0.9017065741,"20":0.9045944251,"21":0.888700155,"22":0.8800828799,"23":0.8861361808,"24":0.871549785,"25":0.8674042244,"26":0.8753475555,"27":0.8685426491,"28":0.8634660294,"29":0.8540298805,"30":0.8574604428,"31":0.8498601199,"32":0.8497535623,"33":0.8510383908,"34":0.8516026656,"35":0.8169778535,"36":0.8095517852,"37":0.8132131677,"38":0.8041137567,"39":0.8027769562,"40":0.8053237211,"41":0.8097793419,"42":0.8074451766,"43":0.7963845142,"44":0.799215182,"45":0.7986044554,"46":0.7958949527,"47":0.7936689631,"48":0.7959945625},"Road_loss":{"0":1.0,"1":0.9981028147,"2":0.9957416894,"3":0.9820793263,"4":0.9665266102,"5":0.9603650945,"6":0.961197037,"7":0.9975977319,"8":0.9712880076,"9":0.9691095018,"10":0.9557906257,"11":0.9449778466,"12":0.9359314736,"13":0.9359413355,"14":0.9847846998,"15":0.9582969649,"16":0.9574450861,"17":0.9453858123,"18":0.9304453104,"19":0.9234008359,"20":0.9233776402,"21":0.9730926299,"22":0.9488127986,"23":0.9444437424,"24":0.9318758553,"25":0.9212145,"26":0.9144105935,"27":0.9142431434,"28":0.957174733,"29":0.9326766239,"30":0.9294165937,"31":0.9189030407,"32":0.9096510502,"33":0.9013307,"34":0.9015415882,"35":0.9297305281,"36":0.905974706,"37":0.9054417963,"38":0.8940675126,"39":0.8850015638,"40":0.8784824278,"41":0.8783265485,"42":0.9180827227,"43":0.8952217284,"44":0.8927116106,"45":0.8859004937,"46":0.8750944046,"47":0.8693930841,"48":0.8694598511},"Power_loss":{"0":1.0,"1":0.9983237794,"2":0.9987981367,"3":0.9886227457,"4":0.9815493847,"5":0.9721834119,"6":0.9712958104,"7":0.9921608297,"8":0.9719692393,"9":0.9715675145,"10":0.9635907209,"11":0.9555288928,"12":0.9490487166,"13":0.9488071023,"14":0.9785337159,"15":0.9594717591,"16":0.9606435473,"17":0.9514517595,"18":0.9461134935,"19":0.9395049583,"20":0.9364448093,"21":0.9587956183,"22":0.9411378906,"23":0.9427383692,"24":0.9320927807,"25":0.9281760129,"26":0.9217267661,"27":0.9217215943,"28":0.9446728123,"29":0.9269026739,"30":0.9272121033,"31":0.9194954834,"32":0.9146343558,"33":0.9087082071,"34":0.907899666,"35":0.9166140803,"36":0.901220584,"37":0.9013172585,"38":0.8940693447,"39":0.8911585402,"40":0.8863156693,"41":0.8852309067,"42":0.9033747885,"43":0.8864692155,"44":0.8869453487,"45":0.8807549224,"46":0.878845284,"47":0.8740844039,"48":0.8734092477},"TFI_burnt":{"0":1.0,"1":0.6370942841,"2":0.6299738807,"3":0.63755238,"4":0.645801967,"5":0.645833397,"6":0.6652110426,"7":0.5970977246,"8":0.6110700642,"9":0.6013229859,"10":0.6129840626,"11":0.6137126815,"12":0.6219022958,"13":0.6326886777,"14":0.5549993923,"15":0.5656729935,"16":0.5594182502,"17":0.5710953544,"18":0.572486929,"19":0.5761563315,"20":0.5928677505,"21":0.5381306916,"22":0.5491834087,"23":0.5396777938,"24":0.5518658175,"25":0.5588206257,"26":0.5576019174,"27":0.5729324914,"28":0.5083720076,"29":0.5195354252,"30":0.5060967526,"31":0.5147685136,"32":0.5245236774,"33":0.5270012254,"34":0.5401521277,"35":0.5475211729,"36":0.5581354879,"37":0.5487678156,"38":0.5601126519,"39":0.5711585705,"40":0.5643681626,"41":0.5830565219,"42":0.5960174276,"43":0.6081232401,"44":0.5991090513,"45":0.6042722284,"46":0.6216870765,"47":0.6228042884,"48":0.6353389504}}