{"Fire_area":{"0":1.0,"1":0.9631682676,"2":0.9421802619,"3":0.9301264649,"4":0.9008904467,"5":0.8551496985,"6":0.8020284547,"7":0.9723523804,"8":0.9404406773,"9":0.9198122161,"10":0.9086886533,"11":0.8797923819,"12":0.8312310843,"13":0.7861511272,"14":0.9513733304,"15":0.9184845481,"16":0.9020448937,"17":0.8865286882,"18":0.8597271995,"19":0.8126057368,"20":0.7683153262,"21":0.9380483512,"22":0.9069323884,"23":0.8880590153,"24":0.8774445425,"25":0.8489735974,"26":0.8010956255,"27":0.7599679309,"28":0.9359945476,"29":0.9041748774,"30":0.8849495087,"31":0.8719669976,"32":0.8445491708,"33":0.7955925058,"34":0.7558487949,"35":0.8890637777,"36":0.8581410605,"37":0.8387422734,"38":0.8270914347,"39":0.8005036309,"40":0.7538850854,"41":0.7171850472,"42":0.8661173887,"43":0.8349707929,"44":0.8161892335,"45":0.8030674674,"46":0.7791220839,"47":0.7349219953,"48":0.6997305096},"House_loss":{"0":1.0,"1":1.0050836186,"2":1.0019758761,"3":1.0071858191,"4":1.0083567237,"5":1.0148460473,"6":1.0158738386,"7":1.0213088835,"8":1.0200416463,"9":1.0168283619,"10":1.017897881,"11":1.0189732681,"12":1.02459674,"13":1.0246049715,"14":1.0100308068,"15":1.0120028525,"16":1.0076995925,"17":1.0094375713,"18":1.0104085575,"19":1.0159459658,"20":1.0168484923,"21":1.0157594132,"22":1.0149313773,"23":1.0099634882,"24":1.0156907905,"25":1.0160848411,"26":1.0169750611,"27":1.0263577017,"28":1.023890383,"29":1.0240334963,"30":1.0232236349,"31":1.0241250204,"32":1.0246766911,"33":1.0259248574,"34":1.0286488183,"35":1.0174887531,"36":1.0175596577,"37":1.0173373268,"38":1.0173727791,"39":1.0175603912,"40":1.0178599022,"41":1.027106846,"42":1.0268671557,"43":1.0267087205,"44":1.0265749796,"45":1.0267801141,"46":1.0267895681,"47":1.0269775876,"48":1.0298200489},"Life_loss":{"0":1.0,"1":1.0049568183,"2":1.00174388,"3":1.0068747466,"4":1.0079234039,"5":1.014167468,"6":1.015060517,"7":1.0211560092,"8":1.0200221879,"9":1.0167109835,"10":1.0176645288,"11":1.0185996341,"12":1.0240793253,"13":1.0240672745,"14":1.0093897932,"15":1.0115983952,"16":1.0072763841,"17":1.0088676483,"18":1.009714678,"19":1.0151207707,"20":1.0159096495,"21":1.0149764853,"22":1.014243978,"23":1.0093257383,"24":1.0149155037,"25":1.0152538141,"26":1.0160230397,"27":1.0256109828,"28":1.0234493707,"29":1.0235884799,"30":1.0228693983,"31":1.0236694383,"32":1.0241471006,"33":1.0252368436,"34":1.0277656394,"35":1.0164612339,"36":1.0165252888,"37":1.0163331239,"38":1.0163617546,"39":1.0165239139,"40":1.0167822365,"41":1.0262533116,"42":1.0260472358,"43":1.0259109573,"44":1.0257965966,"45":1.025973233,"46":1.0259802693,"47":1.0261421051,"48":1.0287761225},"Road_loss":{"0":1.0,"1":0.9939593551,"2":0.9471452874,"3":0.9583314276,"4":0.9467372015,"5":0.9350602629,"6":0.8942887427,"7":0.9930887548,"8":0.9948210413,"9":0.9507528173,"10":0.9590522048,"11":0.9467608056,"12":0.9264395365,"13":0.9026024846,"14":0.981422688,"15":0.9837528483,"16":0.9404011255,"17":0.9465522591,"18":0.9356994574,"19":0.9170984792,"20":0.893324809,"21":0.9786816391,"22":0.9825267832,"23":0.938508617,"24":0.946736249,"25":0.9350101732,"26":0.916447495,"27":0.8945165382,"28":0.9918643638,"29":0.9933581264,"30":0.9516609233,"31":0.9586093023,"32":0.9466278391,"33":0.9272544552,"34":0.9030735255,"35":0.9803874109,"36":0.9821183329,"37":0.9400019558,"38":0.9476386145,"39":0.9350134599,"40":0.9163103114,"41":0.8938559622,"42":0.9771365182,"43":0.9787803069,"44":0.9366050922,"45":0.9436130731,"46":0.9320430645,"47":0.9124488963,"48":0.8902793848},"Power_loss":{"0":1.0,"1":1.0047991531,"2":1.0014953999,"3":1.0065030551,"4":1.0074178051,"5":1.0133663231,"6":1.0141193497,"7":1.0208551775,"8":1.0198694583,"9":1.0164771137,"10":1.0173032723,"11":1.0180928249,"12":1.0233857187,"13":1.0233579237,"14":1.0086654535,"15":1.0111061217,"16":1.0067999884,"17":1.0082192926,"18":1.0089366745,"19":1.0141682912,"20":1.014837853,"21":1.0140620777,"22":1.0134327265,"23":1.0086064193,"24":1.0140096919,"25":1.0142912458,"26":1.0149366171,"27":1.0246790245,"28":1.0228392717,"29":1.0229700761,"30":1.0223496161,"31":1.0230398438,"32":1.0234413085,"33":1.0243652701,"34":1.026654548,"35":1.0152993932,"36":1.0153549831,"37":1.0151939006,"38":1.0152161685,"39":1.0153521795,"40":1.0155686116,"41":1.0252135364,"42":1.0250418005,"43":1.0249278173,"44":1.0248325775,"45":1.0249803633,"46":1.0249854898,"47":1.0251206196,"48":1.0275008919},"TFI_burnt":{"0":1.0,"1":0.9949877974,"2":0.9980458132,"3":0.9929297039,"4":0.991787098,"5":0.9855019824,"6":0.9845138341,"7":0.9793211967,"8":0.9805270114,"9":0.9835979009,"10":0.9825736433,"11":0.9815459928,"12":0.9762064872,"13":0.976198714,"14":0.9901581145,"15":0.9882458743,"16":0.9924281824,"17":0.9907347841,"18":0.9897912622,"19":0.9844445635,"20":0.9835786026,"21":0.9846237481,"22":0.9854198681,"23":0.9902234402,"24":0.984689755,"25":0.9843112152,"26":0.9834573619,"27":0.9745463955,"28":0.9768739732,"29":0.976738739,"30":0.9775048683,"31":0.976652224,"32":0.9761309928,"33":0.9749539221,"34":0.9723949503,"35":0.9829652832,"36":0.9828973227,"37":0.9831102088,"38":0.9830762566,"39":0.9828966205,"40":0.9826099785,"41":0.973841874,"42":0.9740671761,"43":0.9742161585,"44":0.9743419547,"45":0.9741491718,"46":0.9741402819,"47":0.9739633601,"48":0.9712987854}}