{"Fire_area":{"0":1.0,"1":0.918367516,"2":0.844116169,"3":0.8001135767,"4":0.6763875075,"5":0.6143726059,"6":0.5947561751,"7":0.971650172,"8":0.8955365478,"9":0.8289612203,"10":0.7894144952,"11":0.6576207232,"12":0.5947090193,"13":0.5793553796,"14":0.9478599845,"15":0.8687887909,"16":0.8038163248,"17":0.7506634946,"18":0.6254381245,"19":0.5714163961,"20":0.5539675402,"21":0.9207608337,"22":0.8470646203,"23":0.7791928754,"24":0.7326261729,"25":0.6101817458,"26":0.5539408716,"27":0.5382053108,"28":0.8785905562,"29":0.8012149197,"30":0.7401091124,"31":0.6868001329,"32":0.5701791949,"33":0.5169936581,"34":0.4987147873,"35":0.8104552352,"36":0.7387868727,"37":0.6769710792,"38":0.6236465377,"39":0.5182209256,"40":0.4760302318,"41":0.4635809526,"42":0.7753135875,"43":0.7015331601,"44":0.6469525123,"45":0.5975620296,"46":0.4942040885,"47":0.4552805935,"48":0.4435951581},"House_loss":{"0":1.0,"1":0.9841047279,"2":0.9881843566,"3":0.9616519475,"4":0.9488051785,"5":0.9245532664,"6":0.9168875091,"7":0.9149495245,"8":0.9121270096,"9":0.9100846998,"10":0.8783101584,"11":0.8782380014,"12":0.8415274343,"13":0.8473162721,"14":0.8504190891,"15":0.8534337259,"16":0.8396962296,"17":0.8291191481,"18":0.8266423518,"19":0.8072852142,"20":0.7941747227,"21":0.82857907,"22":0.8247394873,"23":0.8290335974,"24":0.8076470132,"25":0.7937745881,"26":0.7794113861,"27":0.7764640142,"28":0.7163561032,"29":0.7028876293,"30":0.7023748085,"31":0.7018377253,"32":0.6943559142,"33":0.6824261518,"34":0.6764428561,"35":0.6266557474,"36":0.6195456182,"37":0.6250533208,"38":0.6172471538,"39":0.6172620357,"40":0.6127972872,"41":0.6118994994,"42":0.588315748,"43":0.5873572563,"44":0.585553649,"45":0.585326952,"46":0.5837678782,"47":0.5821940093,"48":0.5797461202},"Life_loss":{"0":1.0,"1":0.9840703898,"2":0.9989450001,"3":0.9824546445,"4":0.9838264417,"5":0.9606642984,"6":0.949367618,"7":0.9710268018,"8":0.9589914456,"9":0.9597951433,"10":0.9548193162,"11":0.9571357735,"12":0.9412014075,"13":0.9400571939,"14":0.9419291356,"15":0.9328928685,"16":0.9283328167,"17":0.9321451582,"18":0.9188651085,"19":0.9240348987,"20":0.9178486974,"21":0.9262862612,"22":0.9191151922,"23":0.9235742529,"24":0.916279049,"25":0.9052718409,"26":0.9025149578,"27":0.8996529329,"28":0.8922194476,"29":0.890809589,"30":0.8868626002,"31":0.884869642,"32":0.8833508022,"33":0.8801556725,"34":0.879761082,"35":0.8743582734,"36":0.8709954814,"37":0.870542001,"38":0.8691377265,"39":0.8683105173,"40":0.8683944203,"41":0.8670236928,"42":0.8609475059,"43":0.8600439714,"44":0.8599516123,"45":0.8590266452,"46":0.8588630525,"47":0.8587068908,"48":0.858281528},"Road_loss":{"0":1.0,"1":0.8313655095,"2":0.7494703607,"3":0.667179744,"4":0.5136047238,"5":0.421674586,"6":0.3975698577,"7":0.972948332,"8":0.8038605768,"9":0.7151721365,"10":0.638943446,"11":0.4879468036,"12":0.3948245745,"13":0.3730311999,"14":0.9346749857,"15":0.7741414508,"16":0.6878662466,"17":0.6099886932,"18":0.4655179073,"19":0.3718964103,"20":0.350641374,"21":0.9100043039,"22":0.7513676025,"23":0.6556527495,"24":0.5803132854,"25":0.4398875916,"26":0.3493179492,"27":0.3245963216,"28":0.8588930902,"29":0.701850341,"30":0.6179967365,"31":0.5367152929,"32":0.4011157459,"33":0.3160747172,"34":0.2963409109,"35":0.7903702695,"36":0.6333262008,"37":0.5590264254,"38":0.480044857,"39":0.3474904579,"40":0.271759414,"41":0.2538075761,"42":0.7537337572,"43":0.597015364,"44":0.5215021373,"45":0.4454973247,"46":0.320957848,"47":0.249865514,"48":0.2368565792},"Power_loss":{"0":1.0,"1":1.000097516,"2":1.0001972466,"3":1.0002462629,"4":1.000387554,"5":1.000495331,"6":1.0005563061,"7":1.000053667,"8":1.0001449083,"9":1.0002368878,"10":1.0002898166,"11":1.0004128004,"12":1.0005013104,"13":1.0005630237,"14":1.0000527073,"15":1.0001509615,"16":1.000235559,"17":1.0002718784,"18":1.0003865944,"19":1.0004824863,"20":1.0005416898,"21":1.0000746318,"22":1.0001598937,"23":1.0002479608,"24":1.0002779316,"25":1.0003908759,"26":1.0004940022,"27":1.00054981,"28":1.0000685786,"29":1.0001464585,"30":1.0002252243,"31":1.0002703282,"32":1.0003730854,"33":1.0004608571,"34":1.0005075851,"35":1.00025239,"36":1.0003090836,"37":1.0003524896,"38":1.0003693944,"39":1.0004302957,"40":1.0004910494,"41":1.0005293619,"42":1.0003344776,"43":1.0003693205,"44":1.0004083712,"45":1.0004175987,"46":1.0004508914,"47":1.0004928949,"48":1.0005239731},"TFI_burnt":{"0":1.0,"1":0.8337681403,"2":0.7514868536,"3":0.6615328321,"4":0.6262108594,"5":0.5958299185,"6":0.6283545518,"7":0.9630726306,"8":0.7979570391,"9":0.7255336679,"10":0.6490685313,"11":0.6245836214,"12":0.6027195346,"13":0.6230487476,"14":0.9430823512,"15":0.7993730106,"16":0.7172525204,"17":0.6509159235,"18":0.6187248186,"19":0.5853360891,"20":0.6186848806,"21":0.906005616,"22":0.7696332715,"23":0.7098237745,"24":0.6432931436,"25":0.605823794,"26":0.5865219616,"27":0.6205562511,"28":0.8892620018,"29":0.7599928023,"30":0.6897157346,"31":0.6378636805,"32":0.6115498374,"33":0.5834022521,"34":0.619615308,"35":0.9198746041,"36":0.7827381691,"37":0.7357341432,"38":0.6575739803,"39":0.6348034842,"40":0.6139794165,"41":0.6513994129,"42":0.9922669916,"43":0.831284838,"44":0.7756854519,"45":0.6988020684,"46":0.6768644993,"47":0.6536913573,"48":0.6888386053}}