{"Fire_area":{"0":1.0,"1":0.9654383238,"2":0.9462936377,"3":0.9301863566,"4":0.9030458273,"5":0.853017148,"6":0.7871960027,"7":0.9743609398,"8":0.9408754926,"9":0.920004943,"10":0.9046768405,"11":0.8785331802,"12":0.8285315445,"13":0.7647784876,"14":0.9502378454,"15":0.9155674082,"16":0.9009522867,"17":0.8765779771,"18":0.8546020686,"19":0.8049769288,"20":0.7411961644,"21":0.9341351911,"22":0.9009583383,"23":0.8834146753,"24":0.8656885592,"25":0.8424569115,"26":0.7909324944,"27":0.7338177381,"28":0.9348454216,"29":0.9002570271,"30":0.8830139216,"31":0.8608569478,"32":0.8391801711,"33":0.7876079313,"34":0.729092055,"35":0.8776491164,"36":0.8454286166,"37":0.8277235568,"38":0.8090163358,"39":0.7865613293,"40":0.7393012937,"41":0.6829017805,"42":0.8500726548,"43":0.8173373804,"44":0.7996441859,"45":0.7799482444,"46":0.7603222735,"47":0.713466952,"48":0.6630775496},"House_loss":{"0":1.0,"1":1.011050988,"2":1.0041429204,"3":1.0160736331,"4":1.0179194854,"5":1.0320737192,"6":1.0337851669,"7":1.0262307881,"8":1.0356514721,"9":1.0294630123,"10":1.0310374674,"11":1.0326690235,"12":1.0451062164,"13":1.0460878716,"14":1.0064218731,"15":1.0252179109,"16":1.0154118778,"17":1.0202992834,"18":1.0212384466,"19":1.032686638,"20":1.0359525887,"21":1.0197120768,"22":1.0323637328,"23":1.0204277609,"24":1.0338122982,"25":1.0342353809,"26":1.0359941623,"27":1.0487838128,"28":1.0407687849,"29":1.0437276083,"30":1.0422722809,"31":1.0443092216,"32":1.0449556164,"33":1.0474040359,"34":1.0514809227,"35":1.036019791,"36":1.0365989,"37":1.0360768922,"38":1.0362452737,"39":1.0366288697,"40":1.0372528081,"41":1.0496899175,"42":1.0483904495,"43":1.0486582571,"44":1.0486841363,"45":1.0489794927,"46":1.04891588,"47":1.0494092538,"48":1.0533281108},"Life_loss":{"0":1.0,"1":1.010714197,"2":1.0036134959,"3":1.0152257775,"4":1.0168566907,"5":1.0303751762,"6":1.0318413235,"7":1.0257936702,"8":1.0350741504,"9":1.0286146232,"10":1.0299847046,"11":1.0313867263,"12":1.0434110453,"13":1.0442469649,"14":1.0056236076,"15":1.0242732001,"16":1.0145311792,"17":1.0189158973,"18":1.0197214288,"19":1.030861877,"20":1.0337123195,"21":1.0184107349,"22":1.0306422163,"23":1.0190183348,"24":1.0318950746,"25":1.0322516454,"26":1.0337535722,"27":1.0465722314,"28":1.039652062,"29":1.0422317068,"30":1.0409484604,"31":1.0427305792,"32":1.0432835294,"33":1.0453963238,"34":1.049098125,"35":1.0337739127,"36":1.0342669035,"37":1.0338185147,"38":1.0339604895,"39":1.0342880608,"40":1.0348193636,"41":1.0473386339,"42":1.0462366545,"43":1.0464639939,"44":1.0464871118,"45":1.0467377325,"46":1.0466819392,"47":1.0471008384,"48":1.0506698957},"Road_loss":{"0":1.0,"1":0.9964027306,"2":0.9520458899,"3":0.9605496949,"4":0.9523182068,"5":0.9410878673,"6":0.8990942434,"7":1.0010817941,"8":0.9968203361,"9":0.9513908666,"10":0.9582022166,"11":0.9512923884,"12":0.9382936367,"13":0.8965772928,"14":0.9895161398,"15":0.9871252028,"16":0.9429919671,"17":0.9469785829,"18":0.9419549062,"19":0.9294298632,"20":0.8871920108,"21":0.9885769786,"22":0.9849386162,"23":0.9390660296,"24":0.9463731339,"25":0.9402103115,"26":0.9252422087,"27":0.8860534221,"28":1.0006712136,"29":0.9951089258,"30":0.9530709558,"31":0.9578514626,"32":0.9515885122,"33":0.9381743356,"34":0.8957610156,"35":0.9873064382,"36":0.9821021649,"37":0.9387876058,"38":0.9461143295,"39":0.9378840574,"40":0.9254099057,"41":0.8844513422,"42":0.9822115209,"43":0.9773561865,"44":0.9347871192,"45":0.940358035,"46":0.9337740312,"47":0.9201643291,"48":0.8793185187},"Power_loss":{"0":1.0,"1":1.0102752638,"2":1.0030499934,"3":1.0142056513,"4":1.0156032372,"5":1.0283393137,"6":1.0295538285,"7":1.0250751017,"8":1.034129653,"9":1.0274580456,"10":1.0286112188,"11":1.0297763108,"12":1.0412544885,"13":1.0419426738,"14":1.0047692251,"15":1.0230732381,"16":1.0135112683,"17":1.0173270774,"18":1.0179950804,"19":1.0287079986,"20":1.0311160513,"21":1.0169066654,"22":1.0285765752,"23":1.0174051052,"24":1.0296243872,"25":1.0299148854,"26":1.0311547473,"27":1.0438823218,"28":1.038102471,"29":1.0402790627,"30":1.039183417,"31":1.0406928002,"32":1.0411501602,"33":1.0429133321,"34":1.0461786566,"35":1.0311703211,"36":1.0315759539,"37":1.0312035345,"38":1.0313193047,"39":1.0315895412,"40":1.0320270367,"41":1.0445087683,"42":1.0436055698,"43":1.0437920576,"44":1.0438118426,"45":1.044017162,"46":1.0439701229,"47":1.0443140169,"48":1.0474711991},"TFI_burnt":{"0":1.0,"1":0.8366501546,"2":0.8447139366,"3":0.8528751656,"4":0.7214996185,"5":0.6875884305,"6":0.6628021466,"7":0.8393560455,"8":0.8085816359,"9":0.8158688209,"10":0.8210345123,"11":0.7165557784,"12":0.6831912328,"13":0.6594285175,"14":0.858288456,"15":0.816832802,"16":0.8220461092,"17":0.8352874919,"18":0.7222334388,"19":0.6902337486,"20":0.6663346187,"21":0.8376804188,"22":0.8107880475,"23":0.8124913297,"24":0.8198670022,"25":0.7115612202,"26":0.6902688781,"27":0.6684354607,"28":0.7053664728,"29":0.6877089679,"30":0.6922411982,"31":0.6929993855,"32":0.6032536738,"33":0.6148792548,"34":0.5899323499,"35":0.6963669426,"36":0.6772775051,"37":0.6836147157,"38":0.6895390184,"39":0.6403260423,"40":0.6074811007,"41":0.6174703792,"42":0.5652154754,"43":0.5606926705,"44":0.5618134858,"45":0.5639644467,"46":0.5318361861,"47":0.5172056718,"48":0.5421391966}}