{"Fire_area":{"0":1.0,"1":1.0002224596,"2":0.9842096547,"3":0.9901637677,"4":0.9765302077,"5":0.967011272,"6":0.9687130498,"7":0.9586550052,"8":0.9577945223,"9":0.9486784207,"10":0.947026545,"11":0.9333234303,"12":0.9251987096,"13":0.9318162595,"14":0.9291171748,"15":0.9335997578,"16":0.9144115015,"17":0.9191052752,"18":0.9065507687,"19":0.8959423326,"20":0.9016830599,"21":0.8970420412,"22":0.8885336406,"23":0.8839592004,"24":0.8832815414,"25":0.8704696648,"26":0.8628776479,"27":0.8652334223,"28":0.864100063,"29":0.8623942054,"30":0.8583330578,"31":0.8507764942,"32":0.8416541223,"33":0.8326259281,"34":0.8345906678,"35":0.7434310739,"36":0.7416079297,"37":0.7385733412,"38":0.7356209601,"39":0.7181795352,"40":0.7123207629,"41":0.7189247929,"42":0.6665028873,"43":0.6651635126,"44":0.6599848754,"45":0.6577326549,"46":0.6475753926,"47":0.6419054642,"48":0.6438893354},"House_loss":{"0":1.0,"1":1.0005286972,"2":1.0004957551,"3":0.9997443549,"4":1.0008103554,"5":0.9990407889,"6":0.9994295516,"7":0.9495051039,"8":0.9489290115,"9":0.9486570067,"10":0.9485765196,"11":0.9491830014,"12":0.9467930329,"13":0.9475359871,"14":0.9429545003,"15":0.941871826,"16":0.9424350465,"17":0.9415026741,"18":0.942444213,"19":0.9404137538,"20":0.9401043973,"21":0.8835792183,"22":0.8820513731,"23":0.8823944476,"24":0.8826424929,"25":0.8842835891,"26":0.8808032884,"27":0.8820583554,"28":0.8540728093,"29":0.8546950595,"30":0.8543820637,"31":0.8530870968,"32":0.853120363,"33":0.8531266283,"34":0.8530436621,"35":0.7230514503,"36":0.7228427712,"37":0.7233210826,"38":0.7230735468,"39":0.7221350026,"40":0.7216956143,"41":0.7225416477,"42":0.6222907949,"43":0.6224445621,"44":0.6221871076,"45":0.6218242017,"46":0.6209542807,"47":0.6210662961,"48":0.6211803069},"Life_loss":{"0":1.0,"1":0.9973516893,"2":0.9966041205,"3":0.9971627235,"4":0.9986745496,"5":0.9949267907,"6":0.99618312,"7":0.9816562028,"8":0.9813469532,"9":0.9808561796,"10":0.9813131397,"11":0.9794778301,"12":0.9779136566,"13":0.9801381339,"14":0.9720453552,"15":0.9709636343,"16":0.9699299989,"17":0.9706992345,"18":0.9698498308,"19":0.9686349319,"20":0.9688820062,"21":0.9519709346,"22":0.9502897739,"23":0.950641158,"24":0.9508765666,"25":0.9516930475,"26":0.9505449801,"27":0.9514550986,"28":0.9450420826,"29":0.9450932957,"30":0.9453809777,"31":0.9442409727,"32":0.942774279,"33":0.9445271575,"34":0.9432827978,"35":0.8880251105,"36":0.8881387263,"37":0.887949435,"38":0.8876950079,"39":0.8853855342,"40":0.8871064422,"41":0.8876699382,"42":0.8543139589,"43":0.8543659951,"44":0.8542850269,"45":0.8539302165,"46":0.8538185533,"47":0.8534368206,"48":0.8543154691},"Road_loss":{"0":1.0,"1":0.9859692274,"2":0.990088627,"3":0.9832776618,"4":0.9774603629,"5":0.961562658,"6":0.9535660709,"7":0.9563684325,"8":0.9460961004,"9":0.9449141711,"10":0.9378195921,"11":0.9320498056,"12":0.9182340571,"13":0.9115925185,"14":0.922410409,"15":0.9153241143,"16":0.9133751955,"17":0.9100359239,"18":0.8944152949,"19":0.8841278392,"20":0.8786112403,"21":0.8923034824,"22":0.8841950064,"23":0.8841939107,"24":0.8779254171,"25":0.8659526449,"26":0.8545819676,"27":0.8501794505,"28":0.8532049098,"29":0.846521904,"30":0.8442489799,"31":0.8343920798,"32":0.8353874951,"33":0.8190993943,"34":0.8155813494,"35":0.7293394997,"36":0.7216360593,"37":0.7194439721,"38":0.7166490819,"39":0.7086823242,"40":0.6999858377,"41":0.6975918481,"42":0.6530301769,"43":0.6470578907,"44":0.6455496428,"45":0.6393425827,"46":0.6346012553,"47":0.625892787,"48":0.6202771992},"Power_loss":{"0":1.0,"1":0.9966177675,"2":0.9959918086,"3":0.9963976601,"4":0.9896692761,"5":0.9933191931,"6":0.994518821,"7":0.997358133,"8":0.976819904,"9":0.9894256276,"10":0.9955733802,"11":0.9887710321,"12":0.9865699718,"13":0.9879563023,"14":0.9619727369,"15":0.9600124694,"16":0.9527056943,"17":0.9599271836,"18":0.9594099546,"19":0.9563769806,"20":0.9548528862,"21":0.9354382071,"22":0.9314172494,"23":0.9339063424,"24":0.9303118121,"25":0.9295608969,"26":0.9336759333,"27":0.9283228494,"28":0.8745871202,"29":0.8773678973,"30":0.876339405,"31":0.875508247,"32":0.8713189302,"33":0.8747284438,"34":0.8749873881,"35":0.8046161307,"36":0.8051873291,"37":0.8043230162,"38":0.8039314007,"39":0.7996190944,"40":0.8045885886,"41":0.8039392614,"42":0.7393490472,"43":0.7361262372,"44":0.7393510095,"45":0.7393370809,"46":0.7358807179,"47":0.7385884237,"48":0.7378691828},"TFI_burnt":{"0":1.0,"1":1.0018821429,"2":1.0001581169,"3":0.9958361334,"4":0.9938773267,"5":1.0113715609,"6":0.9866800779,"7":0.9959380592,"8":0.9971640656,"9":0.9950439302,"10":0.9881863127,"11":0.9891446156,"12":1.006910449,"13":0.9825079531,"14":0.99226841,"15":0.9936165276,"16":0.9908412906,"17":0.9763372066,"18":0.9873199844,"19":1.0049477695,"20":0.9782970941,"21":0.9862895584,"22":0.9871863735,"23":0.9812986378,"24":0.9781727243,"25":0.9795046044,"26":0.9956922233,"27":0.9708041842,"28":0.9053389516,"29":0.9060283592,"30":0.9060763121,"31":0.9025196505,"32":0.901604278,"33":0.9141011525,"34":0.8939193656,"35":0.911840331,"36":0.9114416759,"37":0.9151194725,"38":0.9072048087,"39":0.911461895,"40":0.927202263,"41":0.9045840071,"42":0.8563274594,"43":0.8556579055,"44":0.8460237348,"45":0.8430430673,"46":0.853383682,"47":0.8577644011,"48":0.8430659408}}