{"Fire_area":{"0":1.0,"1":0.9876214063,"2":0.9791191817,"3":0.9725664612,"4":0.9687255355,"5":0.9628375359,"6":0.9624749674},"House_loss":{"0":1.0,"1":1.0000002507,"2":1.0000002507,"3":1.0000001254,"4":1.0000002507,"5":1.0000001881,"6":1.0000002507},"Life_loss":{"0":1.0,"1":1.0000002507,"2":1.0000002507,"3":1.0000001254,"4":1.0000002507,"5":1.0000001254,"6":1.0000002507},"Road_loss":{"0":1.0,"1":0.9991174573,"2":0.9977570967,"3":0.9959929854,"4":0.9955138124,"5":0.99359684,"6":0.9930301195},"Power_loss":{"0":1.0,"1":1.0000002507,"2":1.0000002507,"3":1.0000001254,"4":1.0000002507,"5":1.0000001254,"6":1.0000002507},"TFI_burnt":{"0":1.0,"1":0.995851519,"2":0.9927239519,"3":0.9898573064,"4":0.9891947673,"5":0.9937200218,"6":0.9972203653}}