{"Fire_area":{"0":1.0,"1":0.9856530091,"2":0.9805683796,"3":0.9795392238,"4":0.9714779689,"5":0.936218772,"6":0.9119681465,"7":0.9864344287,"8":0.9784819945,"9":0.9637316698,"10":0.9617356585,"11":0.9470622477,"12":0.9146387184,"13":0.8993417346,"14":0.9577810423,"15":0.9581642943,"16":0.9351099756,"17":0.9420741152,"18":0.9297308005,"19":0.9047920002,"20":0.8872121051,"21":0.9435556925,"22":0.9403217397,"23":0.9255304663,"24":0.924138778,"25":0.9093725004,"26":0.8888137273,"27":0.8682460861,"28":0.9035208261,"29":0.9113770373,"30":0.8908410952,"31":0.8768404831,"32":0.8804276107,"33":0.8431535986,"34":0.8395798504,"35":0.8510438527,"36":0.83611099,"37":0.831742761,"38":0.8263136064,"39":0.8157168378,"40":0.7934160379,"41":0.7734931333,"42":0.827809453,"43":0.8178691124,"44":0.8106750017,"45":0.8115551288,"46":0.8008076377,"47":0.771789974,"48":0.8193547011},"House_loss":{"0":1.0,"1":1.0017232248,"2":0.9962897863,"3":0.9750150446,"4":0.9553357405,"5":0.9279593224,"6":0.8836907346,"7":0.9017505713,"8":0.8942966327,"9":0.8949984252,"10":0.8834056134,"11":0.8753107407,"12":0.8380644433,"13":0.7961693944,"14":0.8378023969,"15":0.8367533578,"16":0.8154376397,"17":0.8129052509,"18":0.7982679035,"19":0.753799846,"20":0.727327376,"21":0.7870035889,"22":0.7881630827,"23":0.7728622675,"24":0.7654061502,"25":0.7376295226,"26":0.7143788275,"27":0.6841998237,"28":0.6719625639,"29":0.6578305337,"30":0.6538239807,"31":0.6448624384,"32":0.6337015631,"33":0.6036402882,"34":0.5707238735,"35":0.5048444804,"36":0.4938522203,"37":0.4851400904,"38":0.489393763,"39":0.4750562336,"40":0.4516918448,"41":0.4361066261,"42":0.4488325561,"43":0.4345719079,"44":0.4259543988,"45":0.4302012186,"46":0.4090332563,"47":0.3980390288,"48":0.5326687342},"Life_loss":{"0":1.0,"1":0.9666582614,"2":0.9453138972,"3":0.9491762075,"4":0.910012857,"5":0.844490801,"6":0.7755082584,"7":0.8504799854,"8":0.8229096473,"9":0.8210003373,"10":0.7941437613,"11":0.776599775,"12":0.7745239207,"13":0.7005655349,"14":0.7671920136,"15":0.7431055112,"16":0.747023586,"17":0.7280370869,"18":0.728931326,"19":0.7119231639,"20":0.614430463,"21":0.7025867958,"22":0.6605539325,"23":0.6679717561,"24":0.6687491469,"25":0.6139602042,"26":0.6193688647,"27":0.5697741411,"28":0.5865177045,"29":0.5765540158,"30":0.5807762595,"31":0.5751281581,"32":0.5663944389,"33":0.5512200941,"34":0.5076503676,"35":0.4595322415,"36":0.4483342204,"37":0.4590663888,"38":0.4678478349,"39":0.4468393353,"40":0.4457003113,"41":0.4266570991,"42":0.4266944785,"43":0.4268953095,"44":0.4189522208,"45":0.4280407343,"46":0.4199326286,"47":0.3983690375,"48":0.5589821598},"Road_loss":{"0":1.0,"1":0.9830227081,"2":0.9824914564,"3":0.9688193322,"4":0.9580365395,"5":0.941687487,"6":0.918866589,"7":0.9484160486,"8":0.9392930201,"9":0.9269902383,"10":0.9250471487,"11":0.9098147019,"12":0.8902546914,"13":0.8676764231,"14":0.9238978149,"15":0.9121474862,"16":0.9160987104,"17":0.9040480152,"18":0.8851995916,"19":0.8635739724,"20":0.8502423319,"21":0.8918561587,"22":0.8786125592,"23":0.8715412635,"24":0.8653084976,"25":0.8586025343,"26":0.822239343,"27":0.814999031,"28":0.8226081182,"29":0.8103057411,"30":0.8179981115,"31":0.8123337236,"32":0.7899567821,"33":0.7678751753,"34":0.7474932341,"35":0.7285226796,"36":0.7200554018,"37":0.7113339533,"38":0.7150556732,"39":0.7023952807,"40":0.6839248752,"41":0.6594144234,"42":0.6887797571,"43":0.6834820094,"44":0.6831315783,"45":0.684278108,"46":0.6684289672,"47":0.6502051579,"48":0.7275640803},"Power_loss":{"0":1.0,"1":0.9865459266,"2":0.9731104777,"3":0.9453004666,"4":0.9604590789,"5":0.900519508,"6":0.8947005624,"7":0.9483632626,"8":0.9444982823,"9":0.9380507132,"10":0.9103491859,"11":0.9079351157,"12":0.8687392847,"13":0.8637780381,"14":0.9347241874,"15":0.912030088,"16":0.909601968,"17":0.8912069978,"18":0.8778497257,"19":0.8291481408,"20":0.8283768121,"21":0.8919311494,"22":0.8893537493,"23":0.8796333219,"24":0.8790934678,"25":0.8730078188,"26":0.8227133108,"27":0.8074231665,"28":0.8243323383,"29":0.8057071115,"30":0.8088400902,"31":0.7897614516,"32":0.7893177015,"33":0.7362768054,"34":0.7357471192,"35":0.709227308,"36":0.7129672511,"37":0.7005795169,"38":0.7027060147,"39":0.6854823809,"40":0.6503826458,"41":0.6474686607,"42":0.6789354267,"43":0.6835917183,"44":0.6730295051,"45":0.6704571675,"46":0.6496742671,"47":0.6208490606,"48":0.6999057867},"TFI_burnt":{"0":1.0,"1":1.0044444567,"2":1.0026357447,"3":1.0045194405,"4":1.0013486151,"5":0.9731782226,"6":0.9633906191,"7":0.9887901999,"8":0.9746517402,"9":0.9770841479,"10":0.9658730486,"11":0.9757574286,"12":0.9490362363,"13":0.9383957504,"14":0.9492308515,"15":0.9366095893,"16":0.9329660453,"17":0.9269741341,"18":0.9265342243,"19":0.9110456857,"20":0.8996931074,"21":0.9126034271,"22":0.9051466916,"23":0.9060423267,"24":0.8967421217,"25":0.9028369885,"26":0.8824237573,"27":0.879292668,"28":0.9210905728,"29":0.9015457356,"30":0.9155302993,"31":0.9054439236,"32":0.907222641,"33":0.8883059073,"34":0.8823260172,"35":0.8684269368,"36":0.855279766,"37":0.8603329791,"38":0.8505535501,"39":0.8531344855,"40":0.8449178549,"41":0.8444055935,"42":0.8360292133,"43":0.8304547472,"44":0.8339222874,"45":0.8266443902,"46":0.8303802259,"47":0.820732415,"48":0.8605439696}}